--Tipo_Medicamento, Tipo_Apuesta, Propietario, Ejemplar, Binomio, vENTA_RESTAURANT

--Lugares
insert into Lugar(L_Nombre,L_Tipo) values ('Amazonas','Estado');
insert into Lugar(L_Nombre,L_Tipo) values ('Anzoategui','Estado');
insert into Lugar(L_Nombre,L_Tipo) values ('Apure','Estado');
insert into Lugar(L_Nombre,L_Tipo) values ('Aragua','Estado');
insert into Lugar(L_Nombre,L_Tipo) values ('Barinas','Estado');
insert into Lugar(L_Nombre,L_Tipo) values ('Bolivar','Estado');
insert into Lugar(L_Nombre,L_Tipo) values ('Carabobo','Estado');
insert into Lugar(L_Nombre,L_Tipo) values ('Cojedes','Estado');
insert into Lugar(L_Nombre,L_Tipo) values ('Delta Amacuro','Estado');
insert into Lugar(L_Nombre,L_Tipo) values ('Falcon','Estado');
insert into Lugar(L_Nombre,L_Tipo) values ('Guarico','Estado');
insert into Lugar(L_Nombre,L_Tipo) values ('La Guaira','Estado');
insert into Lugar(L_Nombre,L_Tipo) values ('Lara','Estado');
insert into Lugar(L_Nombre,L_Tipo) values ('Merida','Estado');
insert into Lugar(L_Nombre,L_Tipo) values ('Miranda','Estado');
insert into Lugar(L_Nombre,L_Tipo) values ('Monagas','Estado');
insert into Lugar(L_Nombre,L_Tipo) values ('Nueva Esparta','Estado');
insert into Lugar(L_Nombre,L_Tipo) values ('Portuguesa','Estado');
insert into Lugar(L_Nombre,L_Tipo) values ('Sucre','Estado');
insert into Lugar(L_Nombre,L_Tipo) values ('Tachira','Estado');
insert into Lugar(L_Nombre,L_Tipo) values ('Trujillo','Estado');
insert into Lugar(L_Nombre,L_Tipo) values ('Yaracuy','Estado');
insert into Lugar(L_Nombre,L_Tipo) values ('Zulia','Estado');
insert into Lugar(L_Nombre,L_Tipo) values ('Distrito Capital','Estado');
insert into Lugar(L_Nombre,L_Tipo) values ('Dependencias Federales','Estado');
--insert into Lugar values (DEFAULT,'','Municipio',)
insert into Lugar values (DEFAULT,'Alto Orinoco','Municipio',1);      --26
insert into Lugar values (DEFAULT,'Atabapo','Municipio',1);
insert into Lugar values (DEFAULT,'Atures','Municipio',1);
insert into Lugar values (DEFAULT,'Autana','Municipio',1);
insert into Lugar values (DEFAULT,'Manapiare','Municipio',1);
insert into Lugar values (DEFAULT,'Maroa','Municipio',1);
insert into Lugar values (DEFAULT,'Rio Negro','Municipio',1);

insert into Lugar values (DEFAULT,'Anaco','Municipio',2);                         --33
insert into Lugar values (DEFAULT,'Aragua','Municipio',2);
insert into Lugar values (DEFAULT,'Simon Bolivar','Municipio',2);
insert into Lugar values (DEFAULT,'Manuel Ezequiel Bruzual','Municipio',2);
insert into Lugar values (DEFAULT,'Juan Manuel Cajigal','Municipio',2);
insert into Lugar values (DEFAULT,'San Juan de Capistrano','Municipio',2);
insert into Lugar values (DEFAULT,'Francisco del Carmen Carvajal','Municipio',2);
insert into Lugar values (DEFAULT,'Pedro Maria Freites','Municipio',2);
insert into Lugar values (DEFAULT,'Guanipa','Municipio',2);
insert into Lugar values (DEFAULT,'Guanta','Municipio',2);
insert into Lugar values (DEFAULT,'Independencia','Municipio',2);
insert into Lugar values (DEFAULT,'Libertad','Municipio',2);
insert into Lugar values (DEFAULT,'Diego Bautista Urbaneja','Municipio',2);
insert into Lugar values (DEFAULT,'Sir Arthur McGregor','Municipio',2);
insert into Lugar values (DEFAULT,'Francisco de Miranda','Municipio',2);
insert into Lugar values (DEFAULT,'Jose Gregorio Monagas','Municipio',2);
insert into Lugar values (DEFAULT,'Fernando de Penalver','Municipio',2);
insert into Lugar values (DEFAULT,'Piritu','Municipio',2);
insert into Lugar values (DEFAULT,'Santa Ana','Municipio',2);
insert into Lugar values (DEFAULT,'Simon Rodriguez','Municipio',2);
insert into Lugar values (DEFAULT,'Juan Antonio Sotillo','Municipio',2);

insert into Lugar values (DEFAULT,'Achaguas','Municipio',3);      --54
insert into Lugar values (DEFAULT,'Biruaca','Municipio',3);
insert into Lugar values (DEFAULT,'Munoz','Municipio',3);
insert into Lugar values (DEFAULT,'Paez','Municipio',3);
insert into Lugar values (DEFAULT,'Pedro Camejo','Municipio',3);
insert into Lugar values (DEFAULT,'Romulo Gallegos','Municipio',3);
insert into Lugar values (DEFAULT,'San Fernando','Municipio',3);

insert into Lugar values (DEFAULT,'Bolivar','Municipio',4);         --61
insert into Lugar values (DEFAULT,'Camatagua','Municipio',4);
insert into Lugar values (DEFAULT,'Girardot','Municipio',4);
insert into Lugar values (DEFAULT,'Lamas','Municipio',4);
insert into Lugar values (DEFAULT,'Ribas','Municipio',4);
insert into Lugar values (DEFAULT,'Revenga','Municipio',4);
insert into Lugar values (DEFAULT,'Libertador','Municipio',4);
insert into Lugar values (DEFAULT,'Iragorry','Municipio',4);
insert into Lugar values (DEFAULT,'San Casimiro','Municipio',4);
insert into Lugar values (DEFAULT,'San Sebastián','Municipio',4);
insert into Lugar values (DEFAULT,'Marino','Municipio',4);
insert into Lugar values (DEFAULT,'Michelena','Municipio',4);
insert into Lugar values (DEFAULT,'Sucre','Municipio',4);
insert into Lugar values (DEFAULT,'Tovar','Municipio',4);
insert into Lugar values (DEFAULT,'Urdaneta','Municipio',4);
insert into Lugar values (DEFAULT,'Zamora','Municipio',4);
insert into Lugar values (DEFAULT,'Alcantara','Municipio',4);
insert into Lugar values (DEFAULT,'Ocumare de la Costa de Oro','Municipio',4);

insert into Lugar values (DEFAULT,'Alberto Arvelo Torrealba','Municipio',5);      --79
insert into Lugar values (DEFAULT,'Antonio Jose de Sucre','Municipio',5);
insert into Lugar values (DEFAULT,'Arismendi','Municipio',5);
insert into Lugar values (DEFAULT,'Barinas','Municipio',5);
insert into Lugar values (DEFAULT,'Bolivar','Municipio',5);
insert into Lugar values (DEFAULT,'Cruz Paredes','Municipio',5);
insert into Lugar values (DEFAULT,'Ezequiel Zamora','Municipio',5);
insert into Lugar values (DEFAULT,'Obispos','Municipio',5);
insert into Lugar values (DEFAULT,'Pedraza','Municipio',5);
insert into Lugar values (DEFAULT,'Rojas','Municipio',5);
insert into Lugar values (DEFAULT,'Sosa','Municipio',5);
insert into Lugar values (DEFAULT,'Andres Eloy Blanco','Municipio',5);

insert into Lugar values (DEFAULT,'Caroni','Municipio',6);                 --91
insert into Lugar values (DEFAULT,'Cedeno','Municipio',6);
insert into Lugar values (DEFAULT,'El Callao','Municipio',6);
insert into Lugar values (DEFAULT,'Gran Sabana','Municipio',6);
insert into Lugar values (DEFAULT,'Heres','Municipio',6);
insert into Lugar values (DEFAULT,'Piar','Municipio',6);
insert into Lugar values (DEFAULT,'Angostura','Municipio',6);
insert into Lugar values (DEFAULT,'Roscio','Municipio',6);
insert into Lugar values (DEFAULT,'Sifontes','Municipio',6);
insert into Lugar values (DEFAULT,'Sucre','Municipio',6);
insert into Lugar values (DEFAULT,'Chien','Municipio',6);

insert into Lugar values (DEFAULT,'Bejuma','Municipio',7);            --102
insert into Lugar values (DEFAULT,'Carlos Arvelo','Municipio',7);
insert into Lugar values (DEFAULT,'Diego Ibarra','Municipio',7);
insert into Lugar values (DEFAULT,'Guacara','Municipio',7);
insert into Lugar values (DEFAULT,'Juan Jose Mora','Municipio',7);
insert into Lugar values (DEFAULT,'Libertador','Municipio',7);
insert into Lugar values (DEFAULT,'Los Guayos','Municipio',7);
insert into Lugar values (DEFAULT,'Miranda','Municipio',7);
insert into Lugar values (DEFAULT,'Montalban','Municipio',7);
insert into Lugar values (DEFAULT,'Naguanagua','Municipio',7);
insert into Lugar values (DEFAULT,'Puerto Cabello','Municipio',7);
insert into Lugar values (DEFAULT,'San Diego','Municipio',7);
insert into Lugar values (DEFAULT,'San Joaquin','Municipio',7);
insert into Lugar values (DEFAULT,'Valencia','Municipio',7);

insert into Lugar values (DEFAULT,'Anzoategui','Municipio',8);                --116
insert into Lugar values (DEFAULT,'Tinaquillo','Municipio',8);
insert into Lugar values (DEFAULT,'Girardot','Municipio',8);
insert into Lugar values (DEFAULT,'Lima Blanco','Municipio',8);
insert into Lugar values (DEFAULT,'Pao de San Juan Bautista','Municipio',8);
insert into Lugar values (DEFAULT,'Ricaurte','Municipio',8);
insert into Lugar values (DEFAULT,'Romulo Gallegos','Municipio',8);
insert into Lugar values (DEFAULT,'Ezequiel Zamora','Municipio',8);
insert into Lugar values (DEFAULT,'Tinaco','Municipio',8);

insert into Lugar values (DEFAULT,'Antonio Diaz','Municipio',9);      --125
insert into Lugar values (DEFAULT,'Casacoima','Municipio',9);
insert into Lugar values (DEFAULT,'Pedernales','Municipio',9);
insert into Lugar values (DEFAULT,'Tucupita','Municipio',9);

insert into Lugar values (DEFAULT,'Acosta','Municipio',10);           --129
insert into Lugar values (DEFAULT,'Bolivar','Municipio',10);
insert into Lugar values (DEFAULT,'Buchivacoa','Municipio',10);
insert into Lugar values (DEFAULT,'Manaure','Municipio',10);
insert into Lugar values (DEFAULT,'Carirubana','Municipio',10);
insert into Lugar values (DEFAULT,'Colina','Municipio',10);
insert into Lugar values (DEFAULT,'Dabajuro','Municipio',10);
insert into Lugar values (DEFAULT,'Democracia','Municipio',10);
insert into Lugar values (DEFAULT,'Falcon','Municipio',10);
insert into Lugar values (DEFAULT,'Federacion','Municipio',10);
insert into Lugar values (DEFAULT,'Jacura','Municipio',10);
insert into Lugar values (DEFAULT,'Los Taques','Municipio',10);
insert into Lugar values (DEFAULT,'Mauroa','Municipio',10);
insert into Lugar values (DEFAULT,'Miranda','Municipio',10);
insert into Lugar values (DEFAULT,'Iturriza','Municipio',10);
insert into Lugar values (DEFAULT,'Palmasola','Municipio',10);
insert into Lugar values (DEFAULT,'Petit','Municipio',10);
insert into Lugar values (DEFAULT,'Piritu','Municipio',10);
insert into Lugar values (DEFAULT,'San Francisco','Municipio',10);
insert into Lugar values (DEFAULT,'Silva','Municipio',10);
insert into Lugar values (DEFAULT,'Sucre','Municipio',10);
insert into Lugar values (DEFAULT,'Tocopero','Municipio',10);
insert into Lugar values (DEFAULT,'Union','Municipio',10);
insert into Lugar values (DEFAULT,'Urumaco','Municipio',10);
insert into Lugar values (DEFAULT,'Zamora','Municipio',10);

insert into Lugar values (DEFAULT,'Camaguan','Municipio',11);                 --154
insert into Lugar values (DEFAULT,'Chaguaramas','Municipio',11);
insert into Lugar values (DEFAULT,'El Socorro','Municipio',11);
insert into Lugar values (DEFAULT,'San Geronimo de Guayabal','Municipio',11);
insert into Lugar values (DEFAULT,'Leonardo Infante','Municipio',11);
insert into Lugar values (DEFAULT,'Juan Jose Rondon','Municipio',11);
insert into Lugar values (DEFAULT,'Julian Mellado','Municipio',11);
insert into Lugar values (DEFAULT,'Francisco de Miranda','Municipio',11);
insert into Lugar values (DEFAULT,'Jose Tadeo Monagas','Municipio',11);
insert into Lugar values (DEFAULT,'Ortiz','Municipio',11);
insert into Lugar values (DEFAULT,'Jose Felix Ribas','Municipio',11);
insert into Lugar values (DEFAULT,'Juan German Roscio','Municipio',11);
insert into Lugar values (DEFAULT,'San Jose de Guaribe','Municipio',11);
insert into Lugar values (DEFAULT,'Santa Maria de Ipire','Municipio',11);
insert into Lugar values (DEFAULT,'Zaraza','Municipio',11);

insert into Lugar values (DEFAULT,'Vargas','Municipio',12);               --169

insert into Lugar values (DEFAULT,'Andres Eloy Blanco','Municipio',13);   --170
insert into Lugar values (DEFAULT,'Crespo','Municipio',13);
insert into Lugar values (DEFAULT,'Iribarren','Municipio',13);
insert into Lugar values (DEFAULT,'Jimenez','Municipio',13);
insert into Lugar values (DEFAULT,'Moran','Municipio',13);
insert into Lugar values (DEFAULT,'Palavecino','Municipio',13);
insert into Lugar values (DEFAULT,'Simon Planas','Municipio',13);
insert into Lugar values (DEFAULT,'Torres','Municipio',13);
insert into Lugar values (DEFAULT,'Urdaneta','Municipio',13);

insert into Lugar values (DEFAULT,'Alberto Adriani','Municipio',14);          --179
insert into Lugar values (DEFAULT,'Andres Bello','Municipio',14);
insert into Lugar values (DEFAULT,'Antonio Pinto Salinas','Municipio',14);
insert into Lugar values (DEFAULT,'Aricagua','Municipio',14);
insert into Lugar values (DEFAULT,'Arzobispo Chacon','Municipio',14);
insert into Lugar values (DEFAULT,'Campo Elias','Municipio',14);
insert into Lugar values (DEFAULT,'Caracciolo Parra Olmedo','Municipio',14);
insert into Lugar values (DEFAULT,'Cardenal Quintero','Municipio',14);
insert into Lugar values (DEFAULT,'Guaraque','Municipio',14);
insert into Lugar values (DEFAULT,'Julio Cesar Salas','Municipio',14);
insert into Lugar values (DEFAULT,'Justo Briceno','Municipio',14);
insert into Lugar values (DEFAULT,'Libertador','Municipio',14);
insert into Lugar values (DEFAULT,'Miranda','Municipio',14);
insert into Lugar values (DEFAULT,'Obispo Ramos de Lora','Municipio',14);
insert into Lugar values (DEFAULT,'Padre Noguera','Municipio',14);
insert into Lugar values (DEFAULT,'Pueblo Llano','Municipio',14);
insert into Lugar values (DEFAULT,'Rangel','Municipio',14);
insert into Lugar values (DEFAULT,'Rivas Davila','Municipio',14);
insert into Lugar values (DEFAULT,'Santos Marquina','Municipio',14);
insert into Lugar values (DEFAULT,'Sucre','Municipio',14);
insert into Lugar values (DEFAULT,'Tovar','Municipio',14);
insert into Lugar values (DEFAULT,'Tulio Febres Cordero','Municipio',14);
insert into Lugar values (DEFAULT,'Zea','Municipio',14);

insert into Lugar values(DEFAULT,'Acevedo','Municipio',15);           --202
insert into Lugar values(DEFAULT,'Andres Bello','Municipio',15);
insert into Lugar values(DEFAULT,'Baruta','Municipio',15);
insert into Lugar values(DEFAULT,'Brion','Municipio',15);
insert into Lugar values(DEFAULT,'Buroz','Municipio',15);
insert into Lugar values(DEFAULT,'Carrizal','Municipio',15);
insert into Lugar values(DEFAULT,'Chacao','Municipio',15);
insert into Lugar values(DEFAULT,'Cristobal Rojas','Municipio',15);
insert into Lugar values(DEFAULT,'El Hatillo','Municipio',15);
insert into Lugar values(DEFAULT,'Guaicaipuro','Municipio',15);
insert into Lugar values(DEFAULT,'Independencia','Municipio',15);
insert into Lugar values(DEFAULT,'Lander','Municipio',15);
insert into Lugar values(DEFAULT,'Los Salias','Municipio',15);
insert into Lugar values(DEFAULT,'Paez','Municipio',15);
insert into Lugar values(DEFAULT,'Paz Castillo','Municipio',15);
insert into Lugar values(DEFAULT,'Gual','Municipio',15);
insert into Lugar values(DEFAULT,'Plaza','Municipio',15);
insert into Lugar values(DEFAULT,'Bolivar','Municipio',15);
insert into Lugar values(DEFAULT,'Sucre','Municipio',15);
insert into Lugar values(DEFAULT,'Urdaneta','Municipio',15);
insert into Lugar values(DEFAULT,'Zamora','Municipio',15);

insert into Lugar values(DEFAULT,'Acosta','Municipio',16);        --223
insert into Lugar values(DEFAULT,'Aguasay','Municipio',16);
insert into Lugar values(DEFAULT,'Bolivar','Municipio',16);
insert into Lugar values(DEFAULT,'Caripe','Municipio',16);
insert into Lugar values(DEFAULT,'Cedeno','Municipio',16);
insert into Lugar values(DEFAULT,'Zamora','Municipio',16);
insert into Lugar values(DEFAULT,'Libertador','Municipio',16);
insert into Lugar values(DEFAULT,'Maturin','Municipio',16);
insert into Lugar values(DEFAULT,'Piar','Municipio',16);
insert into Lugar values(DEFAULT,'Punceres','Municipio',16);
insert into Lugar values(DEFAULT,'Santa Barbara','Municipio',16);
insert into Lugar values(DEFAULT,'Sotillo','Municipio',16);
insert into Lugar values(DEFAULT,'Uracoa','Municipio',16);

insert into Lugar values(DEFAULT,'Antolin del Campo','Municipio',17);     --236
insert into Lugar values(DEFAULT,'Arismendi','Municipio',17);
insert into Lugar values(DEFAULT,'Antonio Diaz','Municipio',17);
insert into Lugar values(DEFAULT,'Garcia','Municipio',17);
insert into Lugar values(DEFAULT,'Gomez','Municipio',17);
insert into Lugar values(DEFAULT,'Maneiro','Municipio',17);
insert into Lugar values(DEFAULT,'Marcano','Municipio',17);
insert into Lugar values(DEFAULT,'Marino','Municipio',17);
insert into Lugar values(DEFAULT,'Macanao','Municipio',17);
insert into Lugar values(DEFAULT,'Tubores','Municipio',17);
insert into Lugar values(DEFAULT,'Villalba','Municipio',17);

insert into Lugar values(DEFAULT,'Agua Blanca','Municipio',18);               --247
insert into Lugar values(DEFAULT,'Araure','Municipio',18);
insert into Lugar values(DEFAULT,'Esteller','Municipio',18);
insert into Lugar values(DEFAULT,'Guanare','Municipio',18);
insert into Lugar values(DEFAULT,'Guanarito','Municipio',18);
insert into Lugar values(DEFAULT,'Jose Vicente de Unda','Municipio',18);
insert into Lugar values(DEFAULT,'Ospino','Municipio',18);
insert into Lugar values(DEFAULT,'Paez','Municipio',18);
insert into Lugar values(DEFAULT,'Papelon','Municipio',18);
insert into Lugar values(DEFAULT,'San Genaro de Boconoito','Municipio',18);
insert into Lugar values(DEFAULT,'San Rafael de Onoto','Municipio',18);
insert into Lugar values(DEFAULT,'Santa Rosalia','Municipio',18);
insert into Lugar values(DEFAULT,'Sucre','Municipio',18);
insert into Lugar values(DEFAULT,'Turen','Municipio',18);

insert into Lugar values(DEFAULT,'Andres Eloy Blanco','Municipio',19);    --261
insert into Lugar values(DEFAULT,'Andres Mata','Municipio',19);
insert into Lugar values(DEFAULT,'Arismendi','Municipio',19);
insert into Lugar values(DEFAULT,'Benitez','Municipio',19);
insert into Lugar values(DEFAULT,'Bermudez','Municipio',19);
insert into Lugar values(DEFAULT,'Bolivar','Municipio',19);
insert into Lugar values(DEFAULT,'Cajigal','Municipio',19);
insert into Lugar values(DEFAULT,'Cruz Salmeron Acosta','Municipio',19);
insert into Lugar values(DEFAULT,'Libertador','Municipio',19);
insert into Lugar values(DEFAULT,'Marino','Municipio',19);
insert into Lugar values(DEFAULT,'Mejia','Municipio',19);
insert into Lugar values(DEFAULT,'Montes','Municipio',19);
insert into Lugar values(DEFAULT,'Ribero','Municipio',19);
insert into Lugar values(DEFAULT,'Sucre','Municipio',19);
insert into Lugar values(DEFAULT,'Valdez','Municipio',19);

insert into Lugar values(DEFAULT,'Andres Bello','Municipio',20);              --276
insert into Lugar values(DEFAULT,'Antonio Romulo Costa','Municipio',20);
insert into Lugar values(DEFAULT,'Ayacucho','Municipio',20);
insert into Lugar values(DEFAULT,'Bolivar','Municipio',20);
insert into Lugar values(DEFAULT,'Cardenas','Municipio',20);
insert into Lugar values(DEFAULT,'Cordoba','Municipio',20);
insert into Lugar values(DEFAULT,'Fernandez Feo','Municipio',20);
insert into Lugar values(DEFAULT,'Francisco de Miranda','Municipio',20);
insert into Lugar values(DEFAULT,'Garcia de Hevia','Municipio',20);
insert into Lugar values(DEFAULT,'Guasimos','Municipio',20);
insert into Lugar values(DEFAULT,'Independencia','Municipio',20);
insert into Lugar values(DEFAULT,'Jauregui','Municipio',20);
insert into Lugar values(DEFAULT,'Jose Maria Vargas','Municipio',20);
insert into Lugar values(DEFAULT,'Junin','Municipio',20);
insert into Lugar values(DEFAULT,'Libertad','Municipio',20);
insert into Lugar values(DEFAULT,'Libertador','Municipio',20);
insert into Lugar values(DEFAULT,'Lobatera','Municipio',20);
insert into Lugar values(DEFAULT,'Michelena','Municipio',20);
insert into Lugar values(DEFAULT,'Panamericano','Municipio',20);
insert into Lugar values(DEFAULT,'Pedro Maria Urena','Municipio',20);
insert into Lugar values(DEFAULT,'Rafael Urdaneta','Municipio',20);
insert into Lugar values(DEFAULT,'Samuel Dario Maldonado','Municipio',20);
insert into Lugar values(DEFAULT,'San Cristobal','Municipio',20);
insert into Lugar values(DEFAULT,'Seboruco','Municipio',20);
insert into Lugar values(DEFAULT,'Simon Rodriguez','Municipio',20);
insert into Lugar values(DEFAULT,'Sucre','Municipio',20);
insert into Lugar values(DEFAULT,'Torbes','Municipio',20);
insert into Lugar values(DEFAULT,'Uribante','Municipio',20);
insert into Lugar values(DEFAULT,'San Judas Tadeo','Municipio',20);

insert into Lugar values(DEFAULT,'Andres Bello','Municipio',21);      --305
insert into Lugar values(DEFAULT,'Bocono','Municipio',21);
insert into Lugar values(DEFAULT,'Bolivar','Municipio',21);
insert into Lugar values(DEFAULT,'Candelaria','Municipio',21);
insert into Lugar values(DEFAULT,'Carache','Municipio',21);
insert into Lugar values(DEFAULT,'Escuque','Municipio',21);
insert into Lugar values(DEFAULT,'Marquez Canizales','Municipio',21);
insert into Lugar values(DEFAULT,'Juan Vicente Campo Elias','Municipio',21);
insert into Lugar values(DEFAULT,'La Ceiba','Municipio',21);
insert into Lugar values(DEFAULT,'Miranda','Municipio',21);
insert into Lugar values(DEFAULT,'Monte Carmelo','Municipio',21);
insert into Lugar values(DEFAULT,'Motatan','Municipio',21);
insert into Lugar values(DEFAULT,'Pampan','Municipio',21);
insert into Lugar values(DEFAULT,'Pampanito','Municipio',21);
insert into Lugar values(DEFAULT,'Rangel','Municipio',21);
insert into Lugar values(DEFAULT,'Carvajal','Municipio',21);
insert into Lugar values(DEFAULT,'Sucre','Municipio',21);
insert into Lugar values(DEFAULT,'Trujillo','Municipio',21);
insert into Lugar values(DEFAULT,'Urdaneta','Municipio',21);
insert into Lugar values(DEFAULT,'Valera','Municipio',21);

insert into Lugar values(DEFAULT,'Aristides Bastidas','Municipio',22);        --325
insert into Lugar values(DEFAULT,'Bolivar','Municipio',22);
insert into Lugar values(DEFAULT,'Bruzual','Municipio',22);
insert into Lugar values(DEFAULT,'Cocorote','Municipio',22);
insert into Lugar values(DEFAULT,'Independencia','Municipio',22);
insert into Lugar values(DEFAULT,'Jose Antonio Paez','Municipio',22);
insert into Lugar values(DEFAULT,'La Trinidad','Municipio',22);
insert into Lugar values(DEFAULT,'Manuel Monge','Municipio',22);
insert into Lugar values(DEFAULT,'Nirgua','Municipio',22);
insert into Lugar values(DEFAULT,'Pena','Municipio',22);
insert into Lugar values(DEFAULT,'San Felipe','Municipio',22);
insert into Lugar values(DEFAULT,'Sucre','Municipio',22);
insert into Lugar values(DEFAULT,'Urachiche','Municipio',22);
insert into Lugar values(DEFAULT,'Veroes','Municipio',22);

insert into Lugar values(DEFAULT,'Almirante Padilla','Municipio',23);         --339
insert into Lugar values(DEFAULT,'Baralt','Municipio',23);
insert into Lugar values(DEFAULT,'Cabimas','Municipio',23);
insert into Lugar values(DEFAULT,'Catatumbo','Municipio',23);
insert into Lugar values(DEFAULT,'Colon','Municipio',23);
insert into Lugar values(DEFAULT,'Francisco Javier Pulgar','Municipio',23);
insert into Lugar values(DEFAULT,'Jesus Enrique Lossada','Municipio',23);
insert into Lugar values(DEFAULT,'Jesus Maria Semprun','Municipio',23);
insert into Lugar values(DEFAULT,'La Canada de Urdaneta','Municipio',23);
insert into Lugar values(DEFAULT,'Lagunillas','Municipio',23);
insert into Lugar values(DEFAULT,'Machiques','Municipio',23);
insert into Lugar values(DEFAULT,'Mara','Municipio',23);
insert into Lugar values(DEFAULT,'Maracaibo','Municipio',23);
insert into Lugar values(DEFAULT,'Miranda','Municipio',23);
insert into Lugar values(DEFAULT,'Guajira','Municipio',23);
insert into Lugar values(DEFAULT,'Rosario de Perija','Municipio',23);
insert into Lugar values(DEFAULT,'San Francisco','Municipio',23);
insert into Lugar values(DEFAULT,'Santa Rita','Municipio',23);
insert into Lugar values(DEFAULT,'Simon Bolivar','Municipio',23);
insert into Lugar values(DEFAULT,'Sucre','Municipio',23);
insert into Lugar values(DEFAULT,'Valmore Rodriguez','Municipio',23);

insert into Lugar values(DEFAULT,'Libertador','Municipio',24);
--parroquias
insert into Lugar values(DEFAULT,'Huachamacare','Parroquia',26);          --361
insert into Lugar values(DEFAULT,'La Esmeralda','Parroquia',26);
insert into Lugar values(DEFAULT,'Marawaka','Parroquia',26);
insert into Lugar values(DEFAULT,'Mavaka','Parroquia',26);
insert into Lugar values(DEFAULT,'Sierra Parima','Parroquia',26);
insert into Lugar values(DEFAULT,'Atabapo','Parroquia',27);
insert into Lugar values(DEFAULT,'Ucata','Parroquia',27);
insert into Lugar values(DEFAULT,'Yapacana','Parroquia',27);
insert into Lugar values(DEFAULT,'Caname','Parroquia',27);
insert into Lugar values(DEFAULT,'Fernando Giron Tovar','Parroquia',28);
insert into Lugar values(DEFAULT,'Luis Alberto Gomez','Parroquia',28);
insert into Lugar values(DEFAULT,'Pahuena','Parroquia',28);
insert into Lugar values(DEFAULT,'Platanillal','Parroquia',28);
insert into Lugar values(DEFAULT,'Samariapo','Parroquia',29);
insert into Lugar values(DEFAULT,'Sipapo','Parroquia',29);
insert into Lugar values(DEFAULT,'Munduapo','Parroquia',29);
insert into Lugar values(DEFAULT,'Guayupo','Parroquia',29);
insert into Lugar values(DEFAULT,'Isla Raton','Parroquia',29);
insert into Lugar values(DEFAULT,'Alto Ventuari','Parroquia',30);
insert into Lugar values(DEFAULT,'Medio Ventuari','Parroquia',30);
insert into Lugar values(DEFAULT,'Bajo Ventuari','Parroquia',30);
insert into Lugar values(DEFAULT,'Manapiare','Parroquia',30);
insert into Lugar values(DEFAULT,'Comunidad','Parroquia',31);
insert into Lugar values(DEFAULT,'Maroa','Parroquia',31);
insert into Lugar values(DEFAULT,'Victorino','Parroquia',31);
insert into Lugar values(DEFAULT,'Casiquiare','Parroquia',32);
insert into Lugar values(DEFAULT,'Cocuy','Parroquia',32);
insert into Lugar values(DEFAULT,'San Carlos de Rio Negro','Parroquia',32);
insert into Lugar values(DEFAULT,'Solano','Parroquia',32);

insert into Lugar values(DEFAULT,'Anaco','Parroquia',33);                 --390
insert into Lugar values(DEFAULT,'San Joaquin','Parroquia',33);
insert into Lugar values(DEFAULT,'Aragua','Parroquia',34);
insert into Lugar values(DEFAULT,'Cachipo','Parroquia',34);
insert into Lugar values(DEFAULT,'Bergantin','Parroquia',35);
insert into Lugar values(DEFAULT,'Caigua','Parroquia',35);
insert into Lugar values(DEFAULT,'El Carmen','Parroquia',35);
insert into Lugar values(DEFAULT,'El Pilar','Parroquia',35);
insert into Lugar values(DEFAULT,'Naricual','Parroquia',35);
insert into Lugar values(DEFAULT,'San Cristobal','Parroquia',35);
insert into Lugar values(DEFAULT,'Clarines','Parroquia',36);
insert into Lugar values(DEFAULT,'Guanape','Parroquia',36);
insert into Lugar values(DEFAULT,'Sabana de Uchire','Parroquia',36);
insert into Lugar values(DEFAULT,'Onoto','Parroquia',37);
insert into Lugar values(DEFAULT,'San Pablo','Parroquia',37);
insert into Lugar values(DEFAULT,'Boca de Chavez','Parroquia',38);
insert into Lugar values(DEFAULT,'San Juan de Capistrano','Parroquia',38);
insert into Lugar values(DEFAULT,'Santa Bárbara','Parroquia',39);
insert into Lugar values(DEFAULT,'Valle de Guanape','Parroquia',39);
insert into Lugar values(DEFAULT,'Cantaura','Parroquia',40);
insert into Lugar values(DEFAULT,'Libertador','Parroquia',40);
insert into Lugar values(DEFAULT,'Santa Rosa','Parroquia',40);
insert into Lugar values(DEFAULT,'Urica','Parroquia',40);
insert into Lugar values(DEFAULT,'Guanipa','Parroquia',41);
insert into Lugar values(DEFAULT,'Chorrerón','Parroquia',42);
insert into Lugar values(DEFAULT,'Guanta','Parroquia',42);
insert into Lugar values(DEFAULT,'Mamo','Parroquia',43);
insert into Lugar values(DEFAULT,'Soledad','Parroquia',43);
insert into Lugar values(DEFAULT,'El Carito','Parroquia',44);
insert into Lugar values(DEFAULT,'San Mateo','Parroquia',44);
insert into Lugar values(DEFAULT,'Santa Ines','Parroquia',44);
insert into Lugar values(DEFAULT,'El Morro','Parroquia',45);
insert into Lugar values(DEFAULT,'Lecherias','Parroquia',45);
insert into Lugar values(DEFAULT,'El Chaparro','Parroquia',46);
insert into Lugar values(DEFAULT,'Tomas Alfaro Calatrava','Parroquia',46);
insert into Lugar values(DEFAULT,'Atapirire','Parroquia',47);
insert into Lugar values(DEFAULT,'Boca del Pao','Parroquia',47);
insert into Lugar values(DEFAULT,'El Pao','Parroquia',47);
insert into Lugar values(DEFAULT,'Mucura','Parroquia',47);
insert into Lugar values(DEFAULT,'Pariaguan','Parroquia',47);
insert into Lugar values(DEFAULT,'Mapire','Parroquia',48);
insert into Lugar values(DEFAULT,'Piar','Parroquia',48);
insert into Lugar values(DEFAULT,'San Diego de Cabrutica','Parroquia',48);
insert into Lugar values(DEFAULT,'Santa Clara','Parroquia',48);
insert into Lugar values(DEFAULT,'Uverito','Parroquia',48);
insert into Lugar values(DEFAULT,'Zuata','Parroquia',48);
insert into Lugar values(DEFAULT,'Puerto Piritu','Parroquia',49);
insert into Lugar values(DEFAULT,'San Miguel','Parroquia',49);
insert into Lugar values(DEFAULT,'Sucre','Parroquia',49);
insert into Lugar values(DEFAULT,'Piritu','Parroquia',50);
insert into Lugar values(DEFAULT,'San Francisco','Parroquia',50);
insert into Lugar values(DEFAULT,'Pueblo Nuevo','Parroquia',51);
insert into Lugar values(DEFAULT,'Santa Ana','Parroquia',51);
insert into Lugar values(DEFAULT,'Edmundo Barrios','Parroquia',52);
insert into Lugar values(DEFAULT,'Miguel Otero Silva','Parroquia',52);
insert into Lugar values(DEFAULT,'Pozuelos','Parroquia',53);
insert into Lugar values(DEFAULT,'Puerto La Cruz','Parroquia',53);

insert into Lugar values(DEFAULT,'Achaguas','Parroquia',54);          --447
insert into Lugar values(DEFAULT,'Biruaca','Parroquia',55);
insert into Lugar values(DEFAULT,'Bruzual','Parroquia',56);
insert into Lugar values(DEFAULT,'Mantecal','Parroquia',56);
insert into Lugar values(DEFAULT,'Quintero','Parroquia',56);
insert into Lugar values(DEFAULT,'Rincon Hondo','Parroquia',56);
insert into Lugar values(DEFAULT,'San Vicente','Parroquia',56);
insert into Lugar values(DEFAULT,'Guasdualito','Parroquia',57);
insert into Lugar values(DEFAULT,'Aramendi','Parroquia',57);
insert into Lugar values(DEFAULT,'El Amparo','Parroquia',57);
insert into Lugar values(DEFAULT,'San Camilo','Parroquia',57);
insert into Lugar values(DEFAULT,'Urdaneta','Parroquia',57);
insert into Lugar values(DEFAULT,'San Juan de Payara','Parroquia',58);
insert into Lugar values(DEFAULT,'Codazzi','Parroquia',58);
insert into Lugar values(DEFAULT,'Cunaviche','Parroquia',58);
insert into Lugar values(DEFAULT,'Elorza','Parroquia',59);
insert into Lugar values(DEFAULT,'La Trinidad','Parroquia',59);
insert into Lugar values(DEFAULT,'San Fernando','Parroquia',60);
insert into Lugar values(DEFAULT,'El Recreo','Parroquia',60);
insert into Lugar values(DEFAULT,'Penalver','Parroquia',60);
insert into Lugar values(DEFAULT,'San Rafael de Atamaica','Parroquia',60);

insert into Lugar values(DEFAULT,'San Mateo','Parroquia',61);             --473
insert into Lugar values(DEFAULT,'Camatagua','Parroquia',62);
insert into Lugar values(DEFAULT,'Carmen de Cura','Parroquia',62);
insert into Lugar values(DEFAULT,'Choroni','Parroquia',63);
insert into Lugar values(DEFAULT,'Las Delicias','Parroquia',63);
insert into Lugar values(DEFAULT,'Madre Maria de San Jose','Parroquia',63);
insert into Lugar values(DEFAULT,'Joaquin Crespo','Parroquia',63);
insert into Lugar values(DEFAULT,'Pedro Jose Ovalles','Parroquia',63);
insert into Lugar values(DEFAULT,'Jose Casanova Godoy','Parroquia',63);
insert into Lugar values(DEFAULT,'Andres Eloy Blanco','Parroquia',63);
insert into Lugar values(DEFAULT,'Los Tacariguas','Parroquia',63);
insert into Lugar values(DEFAULT,'Santa Cruz','Parroquia',64);
insert into Lugar values(DEFAULT,'Juan Vicente Bolivar y Ponte','Parroquia',65);
insert into Lugar values(DEFAULT,'Castor Nieves Rios','Parroquia',65);
insert into Lugar values(DEFAULT,'Las Guacamayas','Parroquia',65);
insert into Lugar values(DEFAULT,'Pao de Zarate','Parroquia',65);
insert into Lugar values(DEFAULT,'Zuata','Parroquia',65);
insert into Lugar values(DEFAULT,'El Consejo','Parroquia',66);
insert into Lugar values(DEFAULT,'Libertador','Parroquia',67);
insert into Lugar values(DEFAULT,'San Martin de Porres','Parroquia',67);
insert into Lugar values(DEFAULT,'Mario Briceno Iragorry','Parroquia',68);
insert into Lugar values(DEFAULT,'Cana de Azucar','Parroquia',68);
insert into Lugar values(DEFAULT,'San Casimiro','Parroquia',69);
insert into Lugar values(DEFAULT,'Guiripa','Parroquia',69);
insert into Lugar values(DEFAULT,'Ollas de Caramacate','Parroquia',69);
insert into Lugar values(DEFAULT,'Valle Morin','Parroquia',69);
insert into Lugar values(DEFAULT,'San Sebastian de los Reyes','Parroquia',70);
insert into Lugar values(DEFAULT,'Santiago Marino','Parroquia',71);
insert into Lugar values(DEFAULT,'Arevalo Aponte','Parroquia',71);
insert into Lugar values(DEFAULT,'Chuao','Parroquia',71);
insert into Lugar values(DEFAULT,'Saman de Guere','Parroquia',71);
insert into Lugar values(DEFAULT,'Alfredo Pacheco Miranda','Parroquia',71);
insert into Lugar values(DEFAULT,'Santos Michelena','Parroquia',72);
insert into Lugar values(DEFAULT,'Tiara','Parroquia',72);
insert into Lugar values(DEFAULT,'Sucre','Parroquia',73);
insert into Lugar values(DEFAULT,'Bella Vista','Parroquia',73);
insert into Lugar values(DEFAULT,'Colonia Tovar','Parroquia',74);
insert into Lugar values(DEFAULT,'Urdaneta','Parroquia',75);
insert into Lugar values(DEFAULT,'Las Penitas','Parroquia',75);
insert into Lugar values(DEFAULT,'San Francisco de Cara','Parroquia',75);
insert into Lugar values(DEFAULT,'Taguay','Parroquia',75);
insert into Lugar values(DEFAULT,'Zamora','Parroquia',76);
insert into Lugar values(DEFAULT,'Magdaleno','Parroquia',76);
insert into Lugar values(DEFAULT,'San Francisco de Asis','Parroquia',76);
insert into Lugar values(DEFAULT,'Valles de Tucutunemo','Parroquia',76);
insert into Lugar values(DEFAULT,'Augusto Mijares','Parroquia',76);
insert into Lugar values(DEFAULT,'Francisco Linares Alcantara','Parroquia',77);
insert into Lugar values(DEFAULT,'Francisco de Miranda','Parroquia',77);
insert into Lugar values(DEFAULT,'Monsenor Feliciano Gonzalez','Parroquia',77);
insert into Lugar values(DEFAULT,'Ocumare de la Costa','Parroquia',78);

insert into Lugar values(DEFAULT,'Sabaneta','Parroquia',79);              --517
insert into Lugar values(DEFAULT,'Rodriguez Dominguez','Parroquia',79);
insert into Lugar values(DEFAULT,'Ticoporo','Parroquia',80);
insert into Lugar values(DEFAULT,'Andres Bello','Parroquia',80);
insert into Lugar values(DEFAULT,'Nicolas Pulido','Parroquia',80);
insert into Lugar values(DEFAULT,'Arismendi','Parroquia',81);
insert into Lugar values(DEFAULT,'Guadarrama','Parroquia',81);
insert into Lugar values(DEFAULT,'La Union','Parroquia',81);
insert into Lugar values(DEFAULT,'San Antonio','Parroquia',81);
insert into Lugar values(DEFAULT,'Barinas','Parroquia',82);
insert into Lugar values(DEFAULT,'Alfredo Arvelo Larriva','Parroquia',82);
insert into Lugar values(DEFAULT,'San Silvestre','Parroquia',82);
insert into Lugar values(DEFAULT,'Santa Ines','Parroquia',82);
insert into Lugar values(DEFAULT,'Santa Lucia','Parroquia',82);
insert into Lugar values(DEFAULT,'Torunos','Parroquia',82);
insert into Lugar values(DEFAULT,'El Carmen','Parroquia',82);
insert into Lugar values(DEFAULT,'Don Romulo Betancourt','Parroquia',82);
insert into Lugar values(DEFAULT,'Corazon de Jesus','Parroquia',82);
insert into Lugar values(DEFAULT,'Ramon Ignacio Mendez','Parroquia',82);
insert into Lugar values(DEFAULT,'Alto Barinas','Parroquia',82);
insert into Lugar values(DEFAULT,'Manuel Palacio Fajardo','Parroquia',82);
insert into Lugar values(DEFAULT,'Juan Antonio Rodriguez Dominguez','Parroquia',82);
insert into Lugar values(DEFAULT,'Dominga Ortiz de Paez','Parroquia',82);
insert into Lugar values(DEFAULT,'Barinitas','Parroquia',83);
insert into Lugar values(DEFAULT,'Altamira','Parroquia',83);
insert into Lugar values(DEFAULT,'Calderas','Parroquia',83);
insert into Lugar values(DEFAULT,'Barrancas','Parroquia',84);
insert into Lugar values(DEFAULT,'El Socorro','Parroquia',84);
insert into Lugar values(DEFAULT,'Masparrito','Parroquia',84);
insert into Lugar values(DEFAULT,'Santa Barbara','Parroquia',85);
insert into Lugar values(DEFAULT,'Jose Ignacio del Pumar','Parroquia',85);
insert into Lugar values(DEFAULT,'Pedro Briceno Mendez','Parroquia',85);
insert into Lugar values(DEFAULT,'Ramon Ignacio Mendez','Parroquia',85);
insert into Lugar values(DEFAULT,'Obispos','Parroquia',86);
insert into Lugar values(DEFAULT,'El Real','Parroquia',86);
insert into Lugar values(DEFAULT,'La Luz','Parroquia',86);
insert into Lugar values(DEFAULT,'Los Guasimitos','Parroquia',86);
insert into Lugar values(DEFAULT,'Ciudad Bolivia','Parroquia',87);
insert into Lugar values(DEFAULT,'Ignacio Briceno','Parroquia',87);
insert into Lugar values(DEFAULT,'Jose Felix Ribas','Parroquia',87);
insert into Lugar values(DEFAULT,'Paez','Parroquia',87);
insert into Lugar values(DEFAULT,'Libertad','Parroquia',88);
insert into Lugar values(DEFAULT,'Dolores','Parroquia',88);
insert into Lugar values(DEFAULT,'Palacios Fajardo','Parroquia',88);
insert into Lugar values(DEFAULT,'Santa Rosa','Parroquia',88);
insert into Lugar values(DEFAULT,'Simon Rodriguez','Parroquia',88);
insert into Lugar values(DEFAULT,'Ciudad de Nutrias','Parroquia',89);
insert into Lugar values(DEFAULT,'El Regalo','Parroquia',89);
insert into Lugar values(DEFAULT,'Puerto de Nutrias','Parroquia',89);
insert into Lugar values(DEFAULT,'Santa Catalina','Parroquia',89);
insert into Lugar values(DEFAULT,'Simon Bolivar','Parroquia',89);
insert into Lugar values(DEFAULT,'El Canton','Parroquia',90);
insert into Lugar values(DEFAULT,'Santa Cruz de Guacas','Parroquia',90);
insert into Lugar values(DEFAULT,'Puerto Vivas','Parroquia',90);

insert into Lugar values(DEFAULT,'Cachamay','Parroquia',91);          --571
insert into Lugar values(DEFAULT,'Chirica','Parroquia',91);
insert into Lugar values(DEFAULT,'Dalla Costa','Parroquia',91);
insert into Lugar values(DEFAULT,'Once de Abril','Parroquia',91);
insert into Lugar values(DEFAULT,'Simon Bolivar','Parroquia',91);
insert into Lugar values(DEFAULT,'Unare','Parroquia',91);
insert into Lugar values(DEFAULT,'Universidad','Parroquia',91);
insert into Lugar values(DEFAULT,'Vista al Sol','Parroquia',91);
insert into Lugar values(DEFAULT,'Pozo Verde','Parroquia',91);
insert into Lugar values(DEFAULT,'Yocoima','Parroquia',91);
insert into Lugar values(DEFAULT,'Cinco de Julio','Parroquia',91);
insert into Lugar values(DEFAULT,'Cedeno','Parroquia',92);
insert into Lugar values(DEFAULT,'Altagracia','Parroquia',92);
insert into Lugar values(DEFAULT,'Ascension Farreras','Parroquia',92);
insert into Lugar values(DEFAULT,'Guaniamo','Parroquia',92);
insert into Lugar values(DEFAULT,'La Urbana','Parroquia',92);
insert into Lugar values(DEFAULT,'Pijiguaos','Parroquia',92);
insert into Lugar values(DEFAULT,'El Callao','Parroquia',93);
insert into Lugar values(DEFAULT,'Gran Sabana','Parroquia',94);
insert into Lugar values(DEFAULT,'Ikabaru','Parroquia',94);
insert into Lugar values(DEFAULT,'Agua Salada','Parroquia',95);
insert into Lugar values(DEFAULT,'Catedral','Parroquia',95);
insert into Lugar values(DEFAULT,'Jose Antonio Paez','Parroquia',95);
insert into Lugar values(DEFAULT,'La Sabanita','Parroquia',95);
insert into Lugar values(DEFAULT,'Marhuanta','Parroquia',95);
insert into Lugar values(DEFAULT,'Vista Hermosa','Parroquia',95);
insert into Lugar values(DEFAULT,'Orinoco','Parroquia',95);
insert into Lugar values(DEFAULT,'Panapana','Parroquia',95);
insert into Lugar values(DEFAULT,'Zea','Parroquia',95);
insert into Lugar values(DEFAULT,'Piar','Parroquia',96);
insert into Lugar values(DEFAULT,'Andres Eloy Blanco','Parroquia',96);
insert into Lugar values(DEFAULT,'Pedro Cova','Parroquia',96);
insert into Lugar values(DEFAULT,'Angostura','Parroquia',97);
insert into Lugar values(DEFAULT,'Barceloneta','Parroquia',97);
insert into Lugar values(DEFAULT,'San Francisco','Parroquia',97);
insert into Lugar values(DEFAULT,'Santa Barbara','Parroquia',97);
insert into Lugar values(DEFAULT,'Roscio','Parroquia',98);
insert into Lugar values(DEFAULT,'Salom','Parroquia',98);
insert into Lugar values(DEFAULT,'Sifontes','Parroquia',99);
insert into Lugar values(DEFAULT,'Dalla Costa','Parroquia',99);
insert into Lugar values(DEFAULT,'San Isidro','Parroquia',99);
insert into Lugar values(DEFAULT,'Sucre','Parroquia',100);
insert into Lugar values(DEFAULT,'Aripao','Parroquia',100);
insert into Lugar values(DEFAULT,'Guarataro','Parroquia',100);
insert into Lugar values(DEFAULT,'Las Majadas','Parroquia',100);
insert into Lugar values(DEFAULT,'Moitaco','Parroquia',100);
insert into Lugar values(DEFAULT,'El Palmar','Parroquia',101);

insert into Lugar values(DEFAULT,'Bejuma','Parroquia',102);               --616
insert into Lugar values(DEFAULT,'Canoabo','Parroquia',102);
insert into Lugar values(DEFAULT,'Simon Bolivar','Parroquia',102);
insert into Lugar values(DEFAULT,'Guigue','Parroquia',103);
insert into Lugar values(DEFAULT,'Belen','Parroquia',103);
insert into Lugar values(DEFAULT,'Tacarigua','Parroquia',103);
insert into Lugar values(DEFAULT,'Aguas Calientes','Parroquia',104);
insert into Lugar values(DEFAULT,'Mariara','Parroquia',104);
insert into Lugar values(DEFAULT,'Ciudad Alianza','Parroquia',105);
insert into Lugar values(DEFAULT,'Guacara','Parroquia',105);
insert into Lugar values(DEFAULT,'Yagua','Parroquia',105);
insert into Lugar values(DEFAULT,'Moron','Parroquia',106);
insert into Lugar values(DEFAULT,'Urama','Parroquia',106);
insert into Lugar values(DEFAULT,'Tocuyito','Parroquia',107);
insert into Lugar values(DEFAULT,'Independencia','Parroquia',107);
insert into Lugar values(DEFAULT,'Los Guayos','Parroquia',108);
insert into Lugar values(DEFAULT,'Miranda','Parroquia',109);
insert into Lugar values(DEFAULT,'Montalban','Parroquia',110);
insert into Lugar values(DEFAULT,'Naguanagua','Parroquia',111);
insert into Lugar values(DEFAULT,'Bartolome Salom','Parroquia',112);
insert into Lugar values(DEFAULT,'Democracia','Parroquia',112);
insert into Lugar values(DEFAULT,'Fraternidad','Parroquia',112);
insert into Lugar values(DEFAULT,'Goaigoaza','Parroquia',112);
insert into Lugar values(DEFAULT,'Juan Jose Flores','Parroquia',112);
insert into Lugar values(DEFAULT,'Union','Parroquia',112);
insert into Lugar values(DEFAULT,'Borburata','Parroquia',112);
insert into Lugar values(DEFAULT,'Patanemo','Parroquia',112);
insert into Lugar values(DEFAULT,'San Diego','Parroquia',113);
insert into Lugar values(DEFAULT,'San Joaquin','Parroquia',114);
insert into Lugar values(DEFAULT,'Candelaria','Parroquia',115);
insert into Lugar values(DEFAULT,'Catedral','Parroquia',115);
insert into Lugar values(DEFAULT,'El Socorro','Parroquia',115);
insert into Lugar values(DEFAULT,'Miguel Pena','Parroquia',115);
insert into Lugar values(DEFAULT,'Rafael Urdaneta','Parroquia',115);
insert into Lugar values(DEFAULT,'San Blas','Parroquia',115);
insert into Lugar values(DEFAULT,'San Jose','Parroquia',115);
insert into Lugar values(DEFAULT,'Santa Rosa','Parroquia',115);
insert into Lugar values(DEFAULT,'Negro Primero','Parroquia',115);

insert into Lugar values(DEFAULT,'Cojedes','Parroquia',116);              --654
insert into Lugar values(DEFAULT,'Juan de Mata Suarez','Parroquia',116);
insert into Lugar values(DEFAULT,'Tinaquillo','Parroquia',117);
insert into Lugar values(DEFAULT,'El Baul','Parroquia',118);
insert into Lugar values(DEFAULT,'Sucre','Parroquia',118);
insert into Lugar values(DEFAULT,'Macapo','Parroquia',119);
insert into Lugar values(DEFAULT,'La Aguadita','Parroquia',119);
insert into Lugar values(DEFAULT,'El Pao','Parroquia',120);
insert into Lugar values(DEFAULT,'Libertad de Cojedes','Parroquia',121);
insert into Lugar values(DEFAULT,'El Amparo','Parroquia',121);
insert into Lugar values(DEFAULT,'Romulo Gallegos','Parroquia',122);
insert into Lugar values(DEFAULT,'San Carlos de Austria','Parroquia',123);
insert into Lugar values(DEFAULT,'Juan Angel Bravo','Parroquia',123);
insert into Lugar values(DEFAULT,'Manuel Manrique','Parroquia',123);
insert into Lugar values(DEFAULT,'General en Jefe Jose Laurencio Silva','Parroquia',124);

insert into Lugar values(DEFAULT,'Curiapo','Parroquia',125);                  --669
insert into Lugar values(DEFAULT,'Almirante Luis Brion','Parroquia',125);
insert into Lugar values(DEFAULT,'Francisco Aniceto Lugo','Parroquia',125);
insert into Lugar values(DEFAULT,'Manuel Renaud','Parroquia',125);
insert into Lugar values(DEFAULT,'Padre Barral','Parroquia',125);
insert into Lugar values(DEFAULT,'Santos de Abelgas','Parroquia',125);
insert into Lugar values(DEFAULT,'Imataca','Parroquia',126);
insert into Lugar values(DEFAULT,'Cinco de Julio','Parroquia',126);
insert into Lugar values(DEFAULT,'Juan Bautista Arismendi','Parroquia',126);
insert into Lugar values(DEFAULT,'Manuel Piar','Parroquia',126);
insert into Lugar values(DEFAULT,'Romulo Gallegos','Parroquia',126);
insert into Lugar values(DEFAULT,'Pedernales','Parroquia',127);
insert into Lugar values(DEFAULT,'Luis Beltran Prieto Figueroa','Parroquia',127);
insert into Lugar values(DEFAULT,'San Jose','Parroquia',128);
insert into Lugar values(DEFAULT,'Jose Vidal Marcano','Parroquia',128);
insert into Lugar values(DEFAULT,'Juan Millan','Parroquia',128);
insert into Lugar values(DEFAULT,'Leonardo Ruiz Pineda','Parroquia',128);
insert into Lugar values(DEFAULT,'Mariscal Antonio Jose de Sucre','Parroquia',128);
insert into Lugar values(DEFAULT,'Monsenor Argimiro Garcia','Parroquia',128);
insert into Lugar values(DEFAULT,'San Rafael','Parroquia',128);
insert into Lugar values(DEFAULT,'Virgen del Valle','Parroquia',128);

insert into Lugar values(DEFAULT,'San Juan de los Cayos','Parroquia',129);    --690
insert into Lugar values(DEFAULT,'Capadare','Parroquia',129);
insert into Lugar values(DEFAULT,'La Pastora','Parroquia',129);
insert into Lugar values(DEFAULT,'Libertador','Parroquia',129);
insert into Lugar values(DEFAULT,'San Luis','Parroquia',130);
insert into Lugar values(DEFAULT,'Aracua','Parroquia',130);
insert into Lugar values(DEFAULT,'La Pena','Parroquia',130);
insert into Lugar values(DEFAULT,'Capatarida','Parroquia',131);
insert into Lugar values(DEFAULT,'Bariro','Parroquia',131);
insert into Lugar values(DEFAULT,'Borojo','Parroquia',131);
insert into Lugar values(DEFAULT,'Guajiro','Parroquia',131);
insert into Lugar values(DEFAULT,'Seque','Parroquia',131);
insert into Lugar values(DEFAULT,'Zazarida','Parroquia',131);
insert into Lugar values(DEFAULT,'Yaracal','Parroquia',132);
insert into Lugar values(DEFAULT,'Carirubana','Parroquia',133);
insert into Lugar values(DEFAULT,'Norte','Parroquia',133);
insert into Lugar values(DEFAULT,'Punta Cardon','Parroquia',133);
insert into Lugar values(DEFAULT,'Santa Ana','Parroquia',133);
insert into Lugar values(DEFAULT,'La Vela de Coro','Parroquia',134);
insert into Lugar values(DEFAULT,'Acurigua','Parroquia',134);
insert into Lugar values(DEFAULT,'Guaibacoa','Parroquia',134);
insert into Lugar values(DEFAULT,'Las Calderas','Parroquia',134);
insert into Lugar values(DEFAULT,'Macoruca','Parroquia',134);
insert into Lugar values(DEFAULT,'Dabajuro','Parroquia',135);
insert into Lugar values(DEFAULT,'Pedregal','Parroquia',136);
insert into Lugar values(DEFAULT,'Agua Clara','Parroquia',136);
insert into Lugar values(DEFAULT,'Avaria','Parroquia',136);
insert into Lugar values(DEFAULT,'Piedra Grande','Parroquia',136);
insert into Lugar values(DEFAULT,'Purureche','Parroquia',136);
insert into Lugar values(DEFAULT,'Pueblo Nuevo','Parroquia',137);
insert into Lugar values(DEFAULT,'Adicora','Parroquia',137);
insert into Lugar values(DEFAULT,'Baraived','Parroquia',137);
insert into Lugar values(DEFAULT,'Buena Vista','Parroquia',137);
insert into Lugar values(DEFAULT,'Jadacaquiva','Parroquia',137);
insert into Lugar values(DEFAULT,'Moruy','Parroquia',137);
insert into Lugar values(DEFAULT,'Adaure','Parroquia',137);
insert into Lugar values(DEFAULT,'El Hato','Parroquia',137);
insert into Lugar values(DEFAULT,'El Vinculo','Parroquia',137);
insert into Lugar values(DEFAULT,'Churuguara','Parroquia',138);
insert into Lugar values(DEFAULT,'Agua Larga','Parroquia',138);
insert into Lugar values(DEFAULT,'El Pauji','Parroquia',138);
insert into Lugar values(DEFAULT,'Independencia','Parroquia',138);
insert into Lugar values(DEFAULT,'Maparari','Parroquia',138);
insert into Lugar values(DEFAULT,'Jacura','Parroquia',139);
insert into Lugar values(DEFAULT,'Agua Linda','Parroquia',139);
insert into Lugar values(DEFAULT,'Araurima','Parroquia',139);
insert into Lugar values(DEFAULT,'Los Taques','Parroquia',140);
insert into Lugar values(DEFAULT,'Judibana','Parroquia',140);
insert into Lugar values(DEFAULT,'Mene de Mauroa','Parroquia',141);
insert into Lugar values(DEFAULT,'Casigua','Parroquia',141);
insert into Lugar values(DEFAULT,'San Felix','Parroquia',141);
insert into Lugar values(DEFAULT,'San Antonio','Parroquia',142);
insert into Lugar values(DEFAULT,'San Gabriel','Parroquia',142);
insert into Lugar values(DEFAULT,'Santa Ana','Parroquia',142);
insert into Lugar values(DEFAULT,'Guzman Guillermo','Parroquia',142);
insert into Lugar values(DEFAULT,'Mitare','Parroquia',142);
insert into Lugar values(DEFAULT,'Rio Seco','Parroquia',142);
insert into Lugar values(DEFAULT,'Sabaneta','Parroquia',142);
insert into Lugar values(DEFAULT,'Chichiriviche','Parroquia',143);
insert into Lugar values(DEFAULT,'Boca de Tocuyo','Parroquia',143);
insert into Lugar values(DEFAULT,'Tocuyo de la Costa','Parroquia',143);
insert into Lugar values(DEFAULT,'Palmasola','Parroquia',144);
insert into Lugar values(DEFAULT,'Cabure','Parroquia',145);
insert into Lugar values(DEFAULT,'Colina','Parroquia',145);
insert into Lugar values(DEFAULT,'Curimagua','Parroquia',145);
insert into Lugar values(DEFAULT,'Piritu','Parroquia',146);
insert into Lugar values(DEFAULT,'San Jose de la Costa','Parroquia',146);
insert into Lugar values(DEFAULT,'Mirimire','Parroquia',147);
insert into Lugar values(DEFAULT,'Tucacas','Parroquia',148);
insert into Lugar values(DEFAULT,'Boca de Aroa','Parroquia',148);
insert into Lugar values(DEFAULT,'Sucre','Parroquia',149);
insert into Lugar values(DEFAULT,'Pecaya','Parroquia',149);
insert into Lugar values(DEFAULT,'Tocopero','Parroquia',150);
insert into Lugar values(DEFAULT,'Santa Cruz de Bucaral','Parroquia',151);
insert into Lugar values(DEFAULT,'El Charal','Parroquia',151);
insert into Lugar values(DEFAULT,'Las Vegas del Tuy','Parroquia',151);
insert into Lugar values(DEFAULT,'Urumaco','Parroquia',152);
insert into Lugar values(DEFAULT,'Bruzual','Parroquia',152);
insert into Lugar values(DEFAULT,'Puerto Cumarebo','Parroquia',153);
insert into Lugar values(DEFAULT,'La Cienaga','Parroquia',153);
insert into Lugar values(DEFAULT,'La Soledad','Parroquia',153);
insert into Lugar values(DEFAULT,'Pueblo Cumarebo','Parroquia',153);
insert into Lugar values(DEFAULT,'Zazarida','Parroquia',153);

insert into Lugar values(DEFAULT,'Camaguan','Parroquia',154);             --768
insert into Lugar values(DEFAULT,'Puerto Miranda','Parroquia',154);
insert into Lugar values(DEFAULT,'Uverito','Parroquia',154);
insert into Lugar values(DEFAULT,'Chaguaramas','Parroquia',155);
insert into Lugar values(DEFAULT,'El Socorro','Parroquia',156);
insert into Lugar values(DEFAULT,'San Geronimo de Guayabal','Parroquia',157);
insert into Lugar values(DEFAULT,'Cazorla','Parroquia',157);
insert into Lugar values(DEFAULT,'Valle de la Pascua','Parroquia',158);
insert into Lugar values(DEFAULT,'Espino','Parroquia',158);
insert into Lugar values(DEFAULT,'Las Mercedes','Parroquia',159);
insert into Lugar values(DEFAULT,'Cabruta','Parroquia',159);
insert into Lugar values(DEFAULT,'Santa Rita de Manapiare','Parroquia',159);
insert into Lugar values(DEFAULT,'El Sombrero','Parroquia',160);
insert into Lugar values(DEFAULT,'Sosa','Parroquia',160);
insert into Lugar values(DEFAULT,'Calabozo','Parroquia',161);
insert into Lugar values(DEFAULT,'El Calvario','Parroquia',161);
insert into Lugar values(DEFAULT,'El Rastro','Parroquia',161);
insert into Lugar values(DEFAULT,'Guardatinajas','Parroquia',161);
insert into Lugar values(DEFAULT,'Altagracia de Orituco','Parroquia',162);
insert into Lugar values(DEFAULT,'Lezama','Parroquia',162);
insert into Lugar values(DEFAULT,'Libertad de Orituco','Parroquia',162);
insert into Lugar values(DEFAULT,'Paso Real de Macaira','Parroquia',162);
insert into Lugar values(DEFAULT,'San Francisco de Macaira','Parroquia',162);
insert into Lugar values(DEFAULT,'San Rafael de Orituco','Parroquia',162);
insert into Lugar values(DEFAULT,'Soublette','Parroquia',162);
insert into Lugar values(DEFAULT,'Ortiz','Parroquia',163);
insert into Lugar values(DEFAULT,'San Francisco de Tiznado','Parroquia',163);
insert into Lugar values(DEFAULT,'San Jose de Tiznado','Parroquia',163);
insert into Lugar values(DEFAULT,'San Lorenzo de Tiznado','Parroquia',163);
insert into Lugar values(DEFAULT,'Tucupido','Parroquia',164);
insert into Lugar values(DEFAULT,'San Rafael de Laya','Parroquia',164);
insert into Lugar values(DEFAULT,'San Juan de los Morros','Parroquia',165);
insert into Lugar values(DEFAULT,'Cantagallo','Parroquia',165);
insert into Lugar values(DEFAULT,'Parapara','Parroquia',165);
insert into Lugar values(DEFAULT,'San Jose de Guaribe','Parroquia',166);
insert into Lugar values(DEFAULT,'Santa Maria de Ipire','Parroquia',167);
insert into Lugar values(DEFAULT,'Altamira','Parroquia',167);
insert into Lugar values(DEFAULT,'Zaraza','Parroquia',168);
insert into Lugar values(DEFAULT,'San Jose de Unare','Parroquia',168);

insert into Lugar values(DEFAULT,'Caraballeda','Parroquia',169);          --807
insert into Lugar values(DEFAULT,'Carayaca','Parroquia',169);
insert into Lugar values(DEFAULT,'Caruao','Parroquia',169);
insert into Lugar values(DEFAULT,'Catia La Mar','Parroquia',169);
insert into Lugar values(DEFAULT,'El Junko','Parroquia',169);
insert into Lugar values(DEFAULT,'La Guaira','Parroquia',169);
insert into Lugar values(DEFAULT,'Macuto','Parroquia',169);
insert into Lugar values(DEFAULT,'Maiquetia','Parroquia',169);
insert into Lugar values(DEFAULT,'Naiguata','Parroquia',169);
insert into Lugar values(DEFAULT,'Urimare','Parroquia',169);
insert into Lugar values(DEFAULT,'Carlos Soublette','Parroquia',169);

insert into Lugar values(DEFAULT,'Pio Tamayo','Parroquia',170);               --818
insert into Lugar values(DEFAULT,'Quebrada Honda de Guache','Parroquia',170);
insert into Lugar values(DEFAULT,'Yacambu','Parroquia',170);
insert into Lugar values(DEFAULT,'Freitez','Parroquia',171);
insert into Lugar values(DEFAULT,'Jose Maria Blanco','Parroquia',171);
insert into Lugar values(DEFAULT,'Catedral','Parroquia',172);
insert into Lugar values(DEFAULT,'Concepcion','Parroquia',172);
insert into Lugar values(DEFAULT,'El Cuji','Parroquia',172);
insert into Lugar values(DEFAULT,'Juan de Villegas','Parroquia',172);
insert into Lugar values(DEFAULT,'Santa Rosa','Parroquia',172);
insert into Lugar values(DEFAULT,'Tamaca','Parroquia',172);
insert into Lugar values(DEFAULT,'Union','Parroquia',172);
insert into Lugar values(DEFAULT,'Aguedo Felipe Alvarado','Parroquia',172);
insert into Lugar values(DEFAULT,'Buena Vista','Parroquia',172);
insert into Lugar values(DEFAULT,'Juarez','Parroquia',172);
insert into Lugar values(DEFAULT,'Juan Bautista Rodriguez','Parroquia',173);
insert into Lugar values(DEFAULT,'Cuara','Parroquia',173);
insert into Lugar values(DEFAULT,'Diego de Lozada','Parroquia',173);
insert into Lugar values(DEFAULT,'Paraiso de San Jose','Parroquia',173);
insert into Lugar values(DEFAULT,'San Miguel','Parroquia',173);
insert into Lugar values(DEFAULT,'Tintorero','Parroquia',173);
insert into Lugar values(DEFAULT,'Jose Bernardo Dorante','Parroquia',173);
insert into Lugar values(DEFAULT,'Coronel Mariano Peraza','Parroquia',173);
insert into Lugar values(DEFAULT,'Bolivar','Parroquia',174);
insert into Lugar values(DEFAULT,'Anzoategui','Parroquia',174);
insert into Lugar values(DEFAULT,'Guarico','Parroquia',174);
insert into Lugar values(DEFAULT,'Hilario Luna y Luna','Parroquia',174);
insert into Lugar values(DEFAULT,'Humocaro Alto','Parroquia',174);
insert into Lugar values(DEFAULT,'Humocaro Bajo','Parroquia',174);
insert into Lugar values(DEFAULT,'La Candelaria','Parroquia',174);
insert into Lugar values(DEFAULT,'Moran','Parroquia',174);
insert into Lugar values(DEFAULT,'Cabudare','Parroquia',175);
insert into Lugar values(DEFAULT,'Jose Gregorio Bastidas','Parroquia',175);
insert into Lugar values(DEFAULT,'Agua Viva','Parroquia',175);
insert into Lugar values(DEFAULT,'Sarare','Parroquia',176);
insert into Lugar values(DEFAULT,'Buria','Parroquia',176);
insert into Lugar values(DEFAULT,'Gustavo Vegas Leon','Parroquia',176);
insert into Lugar values(DEFAULT,'Trinidad Samuel','Parroquia',177);
insert into Lugar values(DEFAULT,'Antonio Diaz','Parroquia',177);
insert into Lugar values(DEFAULT,'Camacaro','Parroquia',177);
insert into Lugar values(DEFAULT,'Castaneda','Parroquia',177);
insert into Lugar values(DEFAULT,'Cecilio Zubillaga','Parroquia',177);
insert into Lugar values(DEFAULT,'Chiquinquira','Parroquia',177);
insert into Lugar values(DEFAULT,'El Blanco','Parroquia',177);
insert into Lugar values(DEFAULT,'Espinoza de los Monteros','Parroquia',177);
insert into Lugar values(DEFAULT,'Lara','Parroquia',177);
insert into Lugar values(DEFAULT,'Las Mercedes','Parroquia',177);
insert into Lugar values(DEFAULT,'Manuel Morillo','Parroquia',177);
insert into Lugar values(DEFAULT,'Montana Verde','Parroquia',177);
insert into Lugar values(DEFAULT,'Montes de Oca','Parroquia',177);
insert into Lugar values(DEFAULT,'Torres','Parroquia',177);
insert into Lugar values(DEFAULT,'Heriberto Arroyo','Parroquia',177);
insert into Lugar values(DEFAULT,'Reyes Vargas','Parroquia',177);
insert into Lugar values(DEFAULT,'Altagracia','Parroquia',177);
insert into Lugar values(DEFAULT,'Siquisique','Parroquia',178);
insert into Lugar values(DEFAULT,'Moroturo','Parroquia',178);
insert into Lugar values(DEFAULT,'San Miguel','Parroquia',178);
insert into Lugar values(DEFAULT,'Xaguas','Parroquia',178);

insert into Lugar values(DEFAULT,'Presidente Betancourt','Parroquia',179);     --876
insert into Lugar values(DEFAULT,'Presidente Paez','Parroquia',179);
insert into Lugar values(DEFAULT,'Presidente Romulo Gallegos','Parroquia',179);
insert into Lugar values(DEFAULT,'Gabriel Picon Gonzalez','Parroquia',179);
insert into Lugar values(DEFAULT,'Hector Amable Mora','Parroquia',179);
insert into Lugar values(DEFAULT,'Jose Nucete Sardi','Parroquia',179);
insert into Lugar values(DEFAULT,'Pulido Mendez','Parroquia',179);
insert into Lugar values(DEFAULT,'La Azulita','Parroquia',180);
insert into Lugar values(DEFAULT,'Antonio Pinto Salinas','Parroquia',181);
insert into Lugar values(DEFAULT,'Mesa Bolivar','Parroquia',181);
insert into Lugar values(DEFAULT,'Mesa de las Palmas','Parroquia',181);
insert into Lugar values(DEFAULT,'Aricagua','Parroquia',182);
insert into Lugar values(DEFAULT,'San Antonio','Parroquia',182);
insert into Lugar values(DEFAULT,'Arzobispo Chacon','Parroquia',183);
insert into Lugar values(DEFAULT,'Capuri','Parroquia',183);
insert into Lugar values(DEFAULT,'Chacanta','Parroquia',183);
insert into Lugar values(DEFAULT,'El Molino','Parroquia',183);
insert into Lugar values(DEFAULT,'Guaimaral','Parroquia',183);
insert into Lugar values(DEFAULT,'Mucutuy','Parroquia',183);
insert into Lugar values(DEFAULT,'Mucuchachi','Parroquia',183);
insert into Lugar values(DEFAULT,'Fernandez Pena','Parroquia',184);
insert into Lugar values(DEFAULT,'Matriz','Parroquia',184);
insert into Lugar values(DEFAULT,'Montalban','Parroquia',184);
insert into Lugar values(DEFAULT,'Acequias','Parroquia',184);
insert into Lugar values(DEFAULT,'Jaji','Parroquia',184);
insert into Lugar values(DEFAULT,'La Mesa','Parroquia',184);
insert into Lugar values(DEFAULT,'San Jose del Sur','Parroquia',184);
insert into Lugar values(DEFAULT,'Caracciolo Parra Olmedo','Parroquia',185);
insert into Lugar values(DEFAULT,'Florencio Ramirez','Parroquia',185);
insert into Lugar values(DEFAULT,'Cardenal Quintero','Parroquia',186);
insert into Lugar values(DEFAULT,'Las Piedras','Parroquia',186);
insert into Lugar values(DEFAULT,'Guaraque','Parroquia',187);
insert into Lugar values(DEFAULT,'Mesa de Quintero','Parroquia',187);
insert into Lugar values(DEFAULT,'Rio Negro','Parroquia',187);
insert into Lugar values(DEFAULT,'Julio Cesar Salas','Parroquia',188);
insert into Lugar values(DEFAULT,'Palmira','Parroquia',188);
insert into Lugar values(DEFAULT,'Justo Briceno','Parroquia',189);
insert into Lugar values(DEFAULT,'San Cristobal de Torondoy','Parroquia',189);
insert into Lugar values(DEFAULT,'Antonio Spinetti Dini','Parroquia',190);
insert into Lugar values(DEFAULT,'Arias','Parroquia',190);
insert into Lugar values(DEFAULT,'Caracciolo Parra Perez','Parroquia',190);
insert into Lugar values(DEFAULT,'Domingo Pena','Parroquia',190);
insert into Lugar values(DEFAULT,'El Llano','Parroquia',190);
insert into Lugar values(DEFAULT,'Gonzalo Picon Febres','Parroquia',190);
insert into Lugar values(DEFAULT,'Jacinto Plaza','Parroquia',190);
insert into Lugar values(DEFAULT,'Juan Rodriguez Suarez','Parroquia',190);
insert into Lugar values(DEFAULT,'Lasso de la Vega','Parroquia',190);
insert into Lugar values(DEFAULT,'Mariano Picon Salas','Parroquia',190);
insert into Lugar values(DEFAULT,'Milla','Parroquia',190);
insert into Lugar values(DEFAULT,'Osuna Rodriguez','Parroquia',190);
insert into Lugar values(DEFAULT,'Sagrario','Parroquia',190);
insert into Lugar values(DEFAULT,'El Morro','Parroquia',190);
insert into Lugar values(DEFAULT,'Los Nevados','Parroquia',190);
insert into Lugar values(DEFAULT,'Miranda','Parroquia',191);
insert into Lugar values(DEFAULT,'Andres Eloy Blanco','Parroquia',191);
insert into Lugar values(DEFAULT,'La Venta','Parroquia',191);
insert into Lugar values(DEFAULT,'Pinango','Parroquia',191);
insert into Lugar values(DEFAULT,'Obispo Ramos de Lora','Parroquia',192);
insert into Lugar values(DEFAULT,'Eloy Paredes','Parroquia',192);
insert into Lugar values(DEFAULT,'San Rafael de Alcazar','Parroquia',192);
insert into Lugar values(DEFAULT,'Santa Maria de Caparo','Parroquia',193);
insert into Lugar values(DEFAULT,'Pueblo Llano','Parroquia',194);
insert into Lugar values(DEFAULT,'Rangel','Parroquia',195);
insert into Lugar values(DEFAULT,'Cacute','Parroquia',195);
insert into Lugar values(DEFAULT,'La Toma','Parroquia',195);
insert into Lugar values(DEFAULT,'Mucuruba','Parroquia',195);
insert into Lugar values(DEFAULT,'San Rafael','Parroquia',195);
insert into Lugar values(DEFAULT,'Rivas Davila','Parroquia',196);
insert into Lugar values(DEFAULT,'Geronimo Maldonado','Parroquia',196);
insert into Lugar values(DEFAULT,'Tabay','Parroquia',197);
insert into Lugar values(DEFAULT,'Sucre','Parroquia',198);
insert into Lugar values(DEFAULT,'Chiguara','Parroquia',198);
insert into Lugar values(DEFAULT,'Estanques','Parroquia',198);
insert into Lugar values(DEFAULT,'La Trampa','Parroquia',198);
insert into Lugar values(DEFAULT,'Pueblo Nuevo del Sur','Parroquia',198);
insert into Lugar values(DEFAULT,'San Juan','Parroquia',198);
insert into Lugar values(DEFAULT,'El Amparo','Parroquia',199);
insert into Lugar values(DEFAULT,'El Llano','Parroquia',199);
insert into Lugar values(DEFAULT,'San Francisco','Parroquia',199);
insert into Lugar values(DEFAULT,'Tovar','Parroquia',199);
insert into Lugar values(DEFAULT,'Tulio Febres Cordero','Parroquia',200);
insert into Lugar values(DEFAULT,'Independencia','Parroquia',200);
insert into Lugar values(DEFAULT,'Maria de la Concepcion Palacios Blanco','Parroquia',200);
insert into Lugar values(DEFAULT,'Santa Apolonia','Parroquia',200);
insert into Lugar values(DEFAULT,'Zea','Parroquia',201);
insert into Lugar values(DEFAULT,'Cano El Tigre','Parroquia',201);

insert into Lugar values(DEFAULT,'Caucagua','Parroquia',202);             --958
insert into Lugar values(DEFAULT,'Araguita','Parroquia',202);
insert into Lugar values(DEFAULT,'Arevalo Gonzalez','Parroquia',202);
insert into Lugar values(DEFAULT,'Capaya','Parroquia',202);
insert into Lugar values(DEFAULT,'El Cafe','Parroquia',202);
insert into Lugar values(DEFAULT,'Marizapa','Parroquia',202);
insert into Lugar values(DEFAULT,'Panaquire','Parroquia',202);
insert into Lugar values(DEFAULT,'Ribas','Parroquia',202);
insert into Lugar values(DEFAULT,'San Jose de Barlovento','Parroquia',203);
insert into Lugar values(DEFAULT,'Cumbo','Parroquia',203);
insert into Lugar values(DEFAULT,'Nuestra Senora del Rosario de Baruta','Parroquia',204);
insert into Lugar values(DEFAULT,'El Cafetal','Parroquia',204);
insert into Lugar values(DEFAULT,'Las Minas de Baruta','Parroquia',204);
insert into Lugar values(DEFAULT,'Higuerote','Parroquia',205);
insert into Lugar values(DEFAULT,'Curiepe','Parroquia',205);
insert into Lugar values(DEFAULT,'Tacarigua','Parroquia',205);
insert into Lugar values(DEFAULT,'Mamporal','Parroquia',206);
insert into Lugar values(DEFAULT,'Carrizal','Parroquia',207);
insert into Lugar values(DEFAULT,'Chacao','Parroquia',208);
insert into Lugar values(DEFAULT,'Charallave','Parroquia',209);
insert into Lugar values(DEFAULT,'Las Brisas','Parroquia',209);
insert into Lugar values(DEFAULT,'El Hatillo','Parroquia',210);
insert into Lugar values(DEFAULT,'Los Teques','Parroquia',211);
insert into Lugar values(DEFAULT,'Altagracia de la Montana','Parroquia',211);
insert into Lugar values(DEFAULT,'Cecilio Acosta','Parroquia',211);
insert into Lugar values(DEFAULT,'El Jarillo','Parroquia',211);
insert into Lugar values(DEFAULT,'Paracotos','Parroquia',211);
insert into Lugar values(DEFAULT,'San Pedro','Parroquia',211);
insert into Lugar values(DEFAULT,'Tacata','Parroquia',211);
insert into Lugar values(DEFAULT,'Santa Teresa del Tuy','Parroquia',212);
insert into Lugar values(DEFAULT,'El Cartanal','Parroquia',212);
insert into Lugar values(DEFAULT,'Ocumare del Tuy','Parroquia',213);
insert into Lugar values(DEFAULT,'La Democracia','Parroquia',213);
insert into Lugar values(DEFAULT,'Santa Barbara','Parroquia',213);
insert into Lugar values(DEFAULT,'San Antonio de los Altos','Parroquia',214);
insert into Lugar values(DEFAULT,'Rio Chico','Parroquia',215);
insert into Lugar values(DEFAULT,'El Guapo','Parroquia',215);
insert into Lugar values(DEFAULT,'Tacarigua de la Laguna','Parroquia',215);
insert into Lugar values(DEFAULT,'Paparo','Parroquia',215);
insert into Lugar values(DEFAULT,'San Fernando del Guapo','Parroquia',215);
insert into Lugar values(DEFAULT,'Santa Lucia','Parroquia',216);
insert into Lugar values(DEFAULT,'Cupira','Parroquia',217);
insert into Lugar values(DEFAULT,'Machurucuto','Parroquia',217);
insert into Lugar values(DEFAULT,'Guarenas','Parroquia',218);
insert into Lugar values(DEFAULT,'San Francisco de Yare','Parroquia',219);
insert into Lugar values(DEFAULT,'San Antonio de Yare','Parroquia',219);
insert into Lugar values(DEFAULT,'Petare','Parroquia',220);
insert into Lugar values(DEFAULT,'Caucaguita','Parroquia',220);
insert into Lugar values(DEFAULT,'Fila de Mariche','Parroquia',220);
insert into Lugar values(DEFAULT,'La Dolorita','Parroquia',220);
insert into Lugar values(DEFAULT,'Leoncio Martinez','Parroquia',220);
insert into Lugar values(DEFAULT,'Cua','Parroquia',221);
insert into Lugar values(DEFAULT,'Nueva Cua','Parroquia',221);
insert into Lugar values(DEFAULT,'Guatire','Parroquia',222);
insert into Lugar values(DEFAULT,'Bolivar','Parroquia',222);

insert into Lugar values(DEFAULT,'Acosta','Parroquia',223);               --1013
insert into Lugar values(DEFAULT,'San Francisco','Parroquia',223);
insert into Lugar values(DEFAULT,'Aguasay','Parroquia',224);
insert into Lugar values(DEFAULT,'Caripito','Parroquia',225);
insert into Lugar values(DEFAULT,'Caripe','Parroquia',226);
insert into Lugar values(DEFAULT,'El Guacharo','Parroquia',226);
insert into Lugar values(DEFAULT,'La Guanota','Parroquia',226);
insert into Lugar values(DEFAULT,'Sabana de Piedra','Parroquia',226);
insert into Lugar values(DEFAULT,'San Agustin','Parroquia',226);
insert into Lugar values(DEFAULT,'Teresen','Parroquia',226);
insert into Lugar values(DEFAULT,'Cedeno','Parroquia',227);
insert into Lugar values(DEFAULT,'Areo','Parroquia',227);
insert into Lugar values(DEFAULT,'San Felix','Parroquia',227);
insert into Lugar values(DEFAULT,'Viento Fresco','Parroquia',227);
insert into Lugar values(DEFAULT,'Ezequiel Zamora','Parroquia',228);
insert into Lugar values(DEFAULT,'El Tejero','Parroquia',228);
insert into Lugar values(DEFAULT,'Libertador','Parroquia',229);
insert into Lugar values(DEFAULT,'Chaguaramas','Parroquia',229);
insert into Lugar values(DEFAULT,'Las Alhuacas','Parroquia',229);
insert into Lugar values(DEFAULT,'Tabasca','Parroquia',229);
insert into Lugar values(DEFAULT,'Maturin','Parroquia',230);
insert into Lugar values(DEFAULT,'Alto de los Godos','Parroquia',230);
insert into Lugar values(DEFAULT,'Boqueron','Parroquia',230);
insert into Lugar values(DEFAULT,'Las Cocuizas','Parroquia',230);
insert into Lugar values(DEFAULT,'San Simon','Parroquia',230);
insert into Lugar values(DEFAULT,'Santa Cruz','Parroquia',230);
insert into Lugar values(DEFAULT,'El Corozo','Parroquia',230);
insert into Lugar values(DEFAULT,'El Furrial','Parroquia',230);
insert into Lugar values(DEFAULT,'Jusepin','Parroquia',230);
insert into Lugar values(DEFAULT,'La Pica','Parroquia',230);
insert into Lugar values(DEFAULT,'San Vicente','Parroquia',230);
insert into Lugar values(DEFAULT,'Piar','Parroquia',231);
insert into Lugar values(DEFAULT,'Aparicio','Parroquia',231);
insert into Lugar values(DEFAULT,'Chaguaramal','Parroquia',231);
insert into Lugar values(DEFAULT,'El Pinto','Parroquia',231);
insert into Lugar values(DEFAULT,'Guanaguana','Parroquia',231);
insert into Lugar values(DEFAULT,'La Toscana','Parroquia',231);
insert into Lugar values(DEFAULT,'Taguaya','Parroquia',231);
insert into Lugar values(DEFAULT,'Punceres','Parroquia',232);
insert into Lugar values(DEFAULT,'Cachipo','Parroquia',232);
insert into Lugar values(DEFAULT,'Santa Barbara','Parroquia',233);
insert into Lugar values(DEFAULT,'Sotillo','Parroquia',234);
insert into Lugar values(DEFAULT,'Los Barrancos de Fajardo','Parroquia',234);
insert into Lugar values(DEFAULT,'Uracoa','Parroquia',235);

insert into Lugar values(DEFAULT,'La Plaza de Paraguachi','Parroquia',236);   --1053
insert into Lugar values(DEFAULT,'La Asuncion','Parroquia',237);
insert into Lugar values(DEFAULT,'Diaz','Parroquia',238);
insert into Lugar values(DEFAULT,'Zabala','Parroquia',238);
insert into Lugar values(DEFAULT,'Garcia','Parroquia',239);
insert into Lugar values(DEFAULT,'Francisco Fajardo','Parroquia',239);
insert into Lugar values(DEFAULT,'Gomez','Parroquia',240);
insert into Lugar values(DEFAULT,'Bolivar','Parroquia',240);
insert into Lugar values(DEFAULT,'Guevara','Parroquia',240);
insert into Lugar values(DEFAULT,'Matasiete','Parroquia',240);
insert into Lugar values(DEFAULT,'Sucre','Parroquia',240);
insert into Lugar values(DEFAULT,'Maneiro','Parroquia',241);
insert into Lugar values(DEFAULT,'Aguirre','Parroquia',241);
insert into Lugar values(DEFAULT,'Marcano','Parroquia',242);
insert into Lugar values(DEFAULT,'Adrian','Parroquia',242);
insert into Lugar values(DEFAULT,'Porlamar','Parroquia',243);
insert into Lugar values(DEFAULT,'Peninsula de Macanao','Parroquia',244);
insert into Lugar values(DEFAULT,'San Francisco','Parroquia',244);
insert into Lugar values(DEFAULT,'Tubores','Parroquia',245);
insert into Lugar values(DEFAULT,'Los Barales','Parroquia',245);
insert into Lugar values(DEFAULT,'Villalba','Parroquia',246);
insert into Lugar values(DEFAULT,'Vicente Fuentes','Parroquia',246);

insert into Lugar values(DEFAULT,'Agua Blanca','Parroquia',247);          --1072
insert into Lugar values(DEFAULT,'Araure','Parroquia',248);
insert into Lugar values(DEFAULT,'Rio Acarigua','Parroquia',248);
insert into Lugar values(DEFAULT,'Esteller','Parroquia',249);
insert into Lugar values(DEFAULT,'Uveral','Parroquia',249);
insert into Lugar values(DEFAULT,'Guanare','Parroquia',250);
insert into Lugar values(DEFAULT,'Cordoba','Parroquia',250);
insert into Lugar values(DEFAULT,'San Jose de la Montana','Parroquia',250);
insert into Lugar values(DEFAULT,'San Juan de Guanaguanare','Parroquia',250);
insert into Lugar values(DEFAULT,'Virgen de la Coromoto','Parroquia',250);
insert into Lugar values(DEFAULT,'Guanarito','Parroquia',251);
insert into Lugar values(DEFAULT,'Trinidad de la Capilla','Parroquia',251);
insert into Lugar values(DEFAULT,'Divina Pastora','Parroquia',251);
insert into Lugar values(DEFAULT,'Monsenor Jose Vicente de Unda','Parroquia',252);
insert into Lugar values(DEFAULT,'Pena Blanca','Parroquia',252);
insert into Lugar values(DEFAULT,'Ospino','Parroquia',253);
insert into Lugar values(DEFAULT,'Aparicion','Parroquia',253);
insert into Lugar values(DEFAULT,'La Estacion','Parroquia',253);
insert into Lugar values(DEFAULT,'Paez','Parroquia',254);
insert into Lugar values(DEFAULT,'Payara','Parroquia',254);
insert into Lugar values(DEFAULT,'Pimpinela','Parroquia',254);
insert into Lugar values(DEFAULT,'Ramon Peraza','Parroquia',254);
insert into Lugar values(DEFAULT,'Papelon','Parroquia',255);
insert into Lugar values(DEFAULT,'Cano Delgadito','Parroquia',255);
insert into Lugar values(DEFAULT,'San Genaro de Boconoito','Parroquia',256);
insert into Lugar values(DEFAULT,'Antolin Tovar','Parroquia',256);
insert into Lugar values(DEFAULT,'San Rafael de Onoto','Parroquia',257);
insert into Lugar values(DEFAULT,'Santa Fe','Parroquia',257);
insert into Lugar values(DEFAULT,'Thermo Montes','Parroquia',257);
insert into Lugar values(DEFAULT,'Santa Rosalia','Parroquia',258);
insert into Lugar values(DEFAULT,'Florida','Parroquia',258);
insert into Lugar values(DEFAULT,'Sucre','Parroquia',259);
insert into Lugar values(DEFAULT,'Concepcion','Parroquia',259);
insert into Lugar values(DEFAULT,'San Rafael de Palo Alzado','Parroquia',259);
insert into Lugar values(DEFAULT,'Uvencio Antonio Velasquez','Parroquia',259);
insert into Lugar values(DEFAULT,'San Jose de Saguaz','Parroquia',259);
insert into Lugar values(DEFAULT,'Villa Rosa','Parroquia',259);
insert into Lugar values(DEFAULT,'Turen','Parroquia',260);
insert into Lugar values(DEFAULT,'Canelones','Parroquia',260);
insert into Lugar values(DEFAULT,'Santa Cruz','Parroquia',260);
insert into Lugar values(DEFAULT,'San Isidro Labrador','Parroquia',260);

insert into Lugar values(DEFAULT,'Marino','Parroquia',261);                   --1112
insert into Lugar values(DEFAULT,'Romulo Gallegos','Parroquia',261);
insert into Lugar values(DEFAULT,'San Jose de Aerocuar','Parroquia',262);
insert into Lugar values(DEFAULT,'Tavera Acosta','Parroquia',262);
insert into Lugar values(DEFAULT,'Rio Caribe','Parroquia',263);
insert into Lugar values(DEFAULT,'Antonio Jose de Sucre','Parroquia',263);
insert into Lugar values(DEFAULT,'El Morro de Puerto Santo','Parroquia',263);
insert into Lugar values(DEFAULT,'Puerto Santo','Parroquia',263);
insert into Lugar values(DEFAULT,'San Juan de Las Galdonas','Parroquia',263);
insert into Lugar values(DEFAULT,'El Pilar','Parroquia',264);
insert into Lugar values(DEFAULT,'El Rincon','Parroquia',264);
insert into Lugar values(DEFAULT,'General Francisco Antonio Vasquez','Parroquia',264);
insert into Lugar values(DEFAULT,'Guaraunos','Parroquia',264);
insert into Lugar values(DEFAULT,'Tunapuicito','Parroquia',264);
insert into Lugar values(DEFAULT,'Union','Parroquia',264);
insert into Lugar values(DEFAULT,'Bolivar','Parroquia',265);
insert into Lugar values(DEFAULT,'Macarapana','Parroquia',265);
insert into Lugar values(DEFAULT,'Santa Catalina','Parroquia',265);
insert into Lugar values(DEFAULT,'Santa Rosa','Parroquia',265);
insert into Lugar values(DEFAULT,'Santa Teresa','Parroquia',265);
insert into Lugar values(DEFAULT,'Mariguitar','Parroquia',266);
insert into Lugar values(DEFAULT,'Yaguaraparo','Parroquia',267);
insert into Lugar values(DEFAULT,'El Paujil','Parroquia',267);
insert into Lugar values(DEFAULT,'Libertad','Parroquia',267);
insert into Lugar values(DEFAULT,'Araya','Parroquia',268);
insert into Lugar values(DEFAULT,'Chacopata','Parroquia',268);
insert into Lugar values(DEFAULT,'Manicuare','Parroquia',268);
insert into Lugar values(DEFAULT,'Tunapuy','Parroquia',269);
insert into Lugar values(DEFAULT,'Campo Elias','Parroquia',269);
insert into Lugar values(DEFAULT,'Irapa','Parroquia',270);
insert into Lugar values(DEFAULT,'Campo Claro','Parroquia',270);
insert into Lugar values(DEFAULT,'Marabal','Parroquia',270);
insert into Lugar values(DEFAULT,'San Antonio de Irapa','Parroquia',270);
insert into Lugar values(DEFAULT,'Soro','Parroquia',270);
insert into Lugar values(DEFAULT,'San Antonio del Golfo','Parroquia',271);
insert into Lugar values(DEFAULT,'Cumanacoa','Parroquia',272);
insert into Lugar values(DEFAULT,'Arenas','Parroquia',272);
insert into Lugar values(DEFAULT,'Aricagua','Parroquia',272);
insert into Lugar values(DEFAULT,'Cocollar','Parroquia',272);
insert into Lugar values(DEFAULT,'San Fernando','Parroquia',272);
insert into Lugar values(DEFAULT,'San Lorenzo','Parroquia',272);
insert into Lugar values(DEFAULT,'Cariaco','Parroquia',273);
insert into Lugar values(DEFAULT,'Catuaro','Parroquia',273);
insert into Lugar values(DEFAULT,'Rendon','Parroquia',273);
insert into Lugar values(DEFAULT,'Santa Cruz','Parroquia',273);
insert into Lugar values(DEFAULT,'Santa Maria','Parroquia',273);
insert into Lugar values(DEFAULT,'Altagracia','Parroquia',274);
insert into Lugar values(DEFAULT,'Ayacucho','Parroquia',274);
insert into Lugar values(DEFAULT,'Santa Ines','Parroquia',274);
insert into Lugar values(DEFAULT,'Valentin Valiente','Parroquia',274);
insert into Lugar values(DEFAULT,'San Juan','Parroquia',274);
insert into Lugar values(DEFAULT,'Raul Leoni','Parroquia',274);
insert into Lugar values(DEFAULT,'Gran Mariscal','Parroquia',274);
insert into Lugar values(DEFAULT,'Guiria','Parroquia',275);
insert into Lugar values(DEFAULT,'Bideau','Parroquia',275);
insert into Lugar values(DEFAULT,'Cristobal Colon','Parroquia',275);
insert into Lugar values(DEFAULT,'Punta de Piedras','Parroquia',275);

insert into Lugar values(DEFAULT,'Cordero','Parroquia',276);                  --1167
insert into Lugar values(DEFAULT,'Las Mesas','Parroquia',277);
insert into Lugar values(DEFAULT,'Ayacucho','Parroquia',278);
insert into Lugar values(DEFAULT,'Rivas Berti','Parroquia',278);
insert into Lugar values(DEFAULT,'San Pedro del Rio','Parroquia',278);
insert into Lugar values(DEFAULT,'Bolivar','Parroquia',279);
insert into Lugar values(DEFAULT,'Palotal','Parroquia',279);
insert into Lugar values(DEFAULT,'Juan Vicente Gomez','Parroquia',279);
insert into Lugar values(DEFAULT,'Isaias Medina Angarita','Parroquia',279);
insert into Lugar values(DEFAULT,'Cardenas','Parroquia',280);
insert into Lugar values(DEFAULT,'Amenodoro Rangel Lamus','Parroquia',280);
insert into Lugar values(DEFAULT,'La Florida','Parroquia',280);
insert into Lugar values(DEFAULT,'Santa Ana','Parroquia',281);
insert into Lugar values(DEFAULT,'Fernandez Feo','Parroquia',282);
insert into Lugar values(DEFAULT,'Alberto Adriani','Parroquia',282);
insert into Lugar values(DEFAULT,'Santo Domingo','Parroquia',282);
insert into Lugar values(DEFAULT,'San Jose de Bolivar','Parroquia',283);
insert into Lugar values(DEFAULT,'Garcia de Hevia','Parroquia',284);
insert into Lugar values(DEFAULT,'Boca de Grita','Parroquia',284);
insert into Lugar values(DEFAULT,'Jose Antonio Paez','Parroquia',284);
insert into Lugar values(DEFAULT,'Palmira','Parroquia',285);
insert into Lugar values(DEFAULT,'Independencia','Parroquia',286);
insert into Lugar values(DEFAULT,'Juan German Roscio','Parroquia',286);
insert into Lugar values(DEFAULT,'Roman Cardenas','Parroquia',286);
insert into Lugar values(DEFAULT,'Jauregui','Parroquia',287);
insert into Lugar values(DEFAULT,'Emilio Constantino Guerrero','Parroquia',287);
insert into Lugar values(DEFAULT,'Monsenor Miguel Antonio Salas','Parroquia',287);
insert into Lugar values(DEFAULT,'El Cobre','Parroquia',288);
insert into Lugar values(DEFAULT,'Junin','Parroquia',289);
insert into Lugar values(DEFAULT,'La Petrolea','Parroquia',289);
insert into Lugar values(DEFAULT,'Quinimari','Parroquia',289);
insert into Lugar values(DEFAULT,'Bramon','Parroquia',289);
insert into Lugar values(DEFAULT,'Libertad','Parroquia',290);
insert into Lugar values(DEFAULT,'Cipriano Castro','Parroquia',290);
insert into Lugar values(DEFAULT,'Manuel Felipe Rugeles','Parroquia',290);
insert into Lugar values(DEFAULT,'Libertador','Parroquia',291);
insert into Lugar values(DEFAULT,'Don Emeterio Ochoa','Parroquia',291);
insert into Lugar values(DEFAULT,'Doradas','Parroquia',291);
insert into Lugar values(DEFAULT,'San Joaquin de Navay','Parroquia',291);
insert into Lugar values(DEFAULT,'Lobatera','Parroquia',292);
insert into Lugar values(DEFAULT,'Constitucion','Parroquia',292);
insert into Lugar values(DEFAULT,'Michelena','Parroquia',293);
insert into Lugar values(DEFAULT,'Panamericano','Parroquia',294);
insert into Lugar values(DEFAULT,'La Palmita','Parroquia',294);
insert into Lugar values(DEFAULT,'Pedro Maria Urena','Parroquia',295);
insert into Lugar values(DEFAULT,'Nueva Arcadia','Parroquia',295);
insert into Lugar values(DEFAULT,'Delicias','Parroquia',296);
insert into Lugar values(DEFAULT,'Samuel Dario Maldonado','Parroquia',297);
insert into Lugar values(DEFAULT,'Bocono','Parroquia',297);
insert into Lugar values(DEFAULT,'Hernandez','Parroquia',297);
insert into Lugar values(DEFAULT,'La Concordia','Parroquia',298);
insert into Lugar values(DEFAULT,'Pedro Maria Morantes','Parroquia',298);
insert into Lugar values(DEFAULT,'San Juan Bautista','Parroquia',298);
insert into Lugar values(DEFAULT,'San Sebastian','Parroquia',298);
insert into Lugar values(DEFAULT,'Doctor Francisco Romero Lobo','Parroquia',298);
insert into Lugar values(DEFAULT,'Seboruco','Parroquia',299);
insert into Lugar values(DEFAULT,'San Simon','Parroquia',300);
insert into Lugar values(DEFAULT,'Sucre','Parroquia',301);
insert into Lugar values(DEFAULT,'Eleazar Lopez Contreras','Parroquia',301);
insert into Lugar values(DEFAULT,'San Pablo','Parroquia',301);
insert into Lugar values(DEFAULT,'San Josecito','Parroquia',302);
insert into Lugar values(DEFAULT,'Uribante','Parroquia',303);
insert into Lugar values(DEFAULT,'Cardenas','Parroquia',303);
insert into Lugar values(DEFAULT,'Juan Pablo Penaloza','Parroquia',303);
insert into Lugar values(DEFAULT,'Potosi','Parroquia',303);
insert into Lugar values(DEFAULT,'Umuquena','Parroquia',304);

insert into Lugar values(DEFAULT,'Santa Isabel','Parroquia',305);         --1221
insert into Lugar values(DEFAULT,'Araguaney','Parroquia',305);
insert into Lugar values(DEFAULT,'El Jaguito','Parroquia',305);
insert into Lugar values(DEFAULT,'La Esperanza','Parroquia',305);
insert into Lugar values(DEFAULT,'Bocono','Parroquia',306);
insert into Lugar values(DEFAULT,'El Carmen','Parroquia',306);
insert into Lugar values(DEFAULT,'Mosquey','Parroquia',306);
insert into Lugar values(DEFAULT,'Ayacucho','Parroquia',306);
insert into Lugar values(DEFAULT,'Burbusay','Parroquia',306);
insert into Lugar values(DEFAULT,'General Rivas','Parroquia',306);
insert into Lugar values(DEFAULT,'Guaramacal','Parroquia',306);
insert into Lugar values(DEFAULT,'Vega de Guaramacal','Parroquia',306);
insert into Lugar values(DEFAULT,'Monsenor Jauregui','Parroquia',306);
insert into Lugar values(DEFAULT,'Rafael Rangel','Parroquia',306);
insert into Lugar values(DEFAULT,'San Miguel','Parroquia',306);
insert into Lugar values(DEFAULT,'San Jose','Parroquia',306);
insert into Lugar values(DEFAULT,'Sabana Grande','Parroquia',307);
insert into Lugar values(DEFAULT,'Cheregue','Parroquia',307);
insert into Lugar values(DEFAULT,'Granados','Parroquia',307);
insert into Lugar values(DEFAULT,'Chejende','Parroquia',308);
insert into Lugar values(DEFAULT,'Arnoldo Gabaldon','Parroquia',308);
insert into Lugar values(DEFAULT,'Bolivia','Parroquia',308);
insert into Lugar values(DEFAULT,'Carrillo','Parroquia',308);
insert into Lugar values(DEFAULT,'Cegarra','Parroquia',308);
insert into Lugar values(DEFAULT,'Manuel Salvador Ulloa','Parroquia',308);
insert into Lugar values(DEFAULT,'San Jose','Parroquia',308);
insert into Lugar values(DEFAULT,'Carache','Parroquia',309);
insert into Lugar values(DEFAULT,'Cuicas','Parroquia',309);
insert into Lugar values(DEFAULT,'La Concepcion','Parroquia',309);
insert into Lugar values(DEFAULT,'Panamericana','Parroquia',309);
insert into Lugar values(DEFAULT,'Santa Cruz','Parroquia',309);
insert into Lugar values(DEFAULT,'Escuque','Parroquia',310);
insert into Lugar values(DEFAULT,'La Union','Parroquia',310);
insert into Lugar values(DEFAULT,'Sabana Libre','Parroquia',310);
insert into Lugar values(DEFAULT,'Santa Rita','Parroquia',310);
insert into Lugar values(DEFAULT,'El Socorro','Parroquia',311);
insert into Lugar values(DEFAULT,'Antonio Jose de Sucre','Parroquia',311);
insert into Lugar values(DEFAULT,'Los Caprichos','Parroquia',311);
insert into Lugar values(DEFAULT,'Campo Elias','Parroquia',312);
insert into Lugar values(DEFAULT,'Arnoldo Gabaldon','Parroquia',312);
insert into Lugar values(DEFAULT,'Santa Apolonia','Parroquia',313);
insert into Lugar values(DEFAULT,'El Progreso','Parroquia',313);
insert into Lugar values(DEFAULT,'La Ceiba','Parroquia',313);
insert into Lugar values(DEFAULT,'Tres de Febrero','Parroquia',313);
insert into Lugar values(DEFAULT,'El Dividive','Parroquia',314);
insert into Lugar values(DEFAULT,'Agua Santa','Parroquia',314);
insert into Lugar values(DEFAULT,'Agua Caliente','Parroquia',314);
insert into Lugar values(DEFAULT,'El Cenizo','Parroquia',314);
insert into Lugar values(DEFAULT,'Valerita','Parroquia',314);
insert into Lugar values(DEFAULT,'Monte Carmelo','Parroquia',315);
insert into Lugar values(DEFAULT,'Buena Vista','Parroquia',315);
insert into Lugar values(DEFAULT,'Santa Maria del Horcon','Parroquia',315);
insert into Lugar values(DEFAULT,'Motatan','Parroquia',316);
insert into Lugar values(DEFAULT,'El Bano','Parroquia',316);
insert into Lugar values(DEFAULT,'Jalisco','Parroquia',316);
insert into Lugar values(DEFAULT,'Pampan','Parroquia',317);
insert into Lugar values(DEFAULT,'Flor de Patria','Parroquia',317);
insert into Lugar values(DEFAULT,'La Paz','Parroquia',317);
insert into Lugar values(DEFAULT,'Santa Ana','Parroquia',317);
insert into Lugar values(DEFAULT,'Pampanito','Parroquia',318);
insert into Lugar values(DEFAULT,'La Concepcion','Parroquia',318);
insert into Lugar values(DEFAULT,'Pampanito II','Parroquia',318);
insert into Lugar values(DEFAULT,'Betijoque','Parroquia',319);
insert into Lugar values(DEFAULT,'La Pueblita','Parroquia',319);
insert into Lugar values(DEFAULT,'Los Cedros','Parroquia',319);
insert into Lugar values(DEFAULT,'Jose Gregorio Hernandez','Parroquia',319);
insert into Lugar values(DEFAULT,'Carvajal','Parroquia',320);
insert into Lugar values(DEFAULT,'Antonio Nicolas Briceno','Parroquia',320);
insert into Lugar values(DEFAULT,'Campo Alegre','Parroquia',320);
insert into Lugar values(DEFAULT,'Jose Leonardo Suarez','Parroquia',320);
insert into Lugar values(DEFAULT,'Sabana de Mendoza','Parroquia',321);
insert into Lugar values(DEFAULT,'El Paraiso','Parroquia',321);
insert into Lugar values(DEFAULT,'Junin','Parroquia',321);
insert into Lugar values(DEFAULT,'Valmore Rodriguez','Parroquia',321);
insert into Lugar values(DEFAULT,'Andres Linares','Parroquia',322);
insert into Lugar values(DEFAULT,'Chiquinquira','Parroquia',322);
insert into Lugar values(DEFAULT,'Cristobal Mendoza','Parroquia',322);
insert into Lugar values(DEFAULT,'Cruz Carrillo','Parroquia',322);
insert into Lugar values(DEFAULT,'Matriz','Parroquia',322);
insert into Lugar values(DEFAULT,'Monsenor Carrillo','Parroquia',322);
insert into Lugar values(DEFAULT,'Tres Esquinas','Parroquia',322);
insert into Lugar values(DEFAULT,'La Quebrada','Parroquia',323);
insert into Lugar values(DEFAULT,'Cabimbu','Parroquia',323);
insert into Lugar values(DEFAULT,'Jajo','Parroquia',323);
insert into Lugar values(DEFAULT,'La Mesa','Parroquia',323);
insert into Lugar values(DEFAULT,'Santiago','Parroquia',323);
insert into Lugar values(DEFAULT,'Tuname','Parroquia',323);
insert into Lugar values(DEFAULT,'Juan Ignacio Montilla','Parroquia',324);
insert into Lugar values(DEFAULT,'La Beatriz','Parroquia',324);
insert into Lugar values(DEFAULT,'Mercedes Diaz','Parroquia',324);
insert into Lugar values(DEFAULT,'San Luis','Parroquia',324);
insert into Lugar values(DEFAULT,'La Puerta','Parroquia',324);
insert into Lugar values(DEFAULT,'Mendoza','Parroquia',324);

insert into Lugar values(DEFAULT,'San Pablo','Parroquia',325);            --1314
insert into Lugar values(DEFAULT,'Aroa','Parroquia',326);
insert into Lugar values(DEFAULT,'Bruzual','Parroquia',327);
insert into Lugar values(DEFAULT,'Campo Elias','Parroquia',327);
insert into Lugar values(DEFAULT,'Cocorote','Parroquia',328);
insert into Lugar values(DEFAULT,'Independencia','Parroquia',329);
insert into Lugar values(DEFAULT,'Sabana de Parra','Parroquia',330);
insert into Lugar values(DEFAULT,'Boraure','Parroquia',331);
insert into Lugar values(DEFAULT,'Yumare','Parroquia',332);
insert into Lugar values(DEFAULT,'Nirgua','Parroquia',333);
insert into Lugar values(DEFAULT,'Salom','Parroquia',333);
insert into Lugar values(DEFAULT,'Temerla','Parroquia',333);
insert into Lugar values(DEFAULT,'Pena','Parroquia',334);
insert into Lugar values(DEFAULT,'San Andres','Parroquia',334);
insert into Lugar values(DEFAULT,'San Felipe','Parroquia',335);
insert into Lugar values(DEFAULT,'Albarico','Parroquia',335);
insert into Lugar values(DEFAULT,'San Javier','Parroquia',335);
insert into Lugar values(DEFAULT,'Guama','Parroquia',336);
insert into Lugar values(DEFAULT,'Urachiche','Parroquia',337);
insert into Lugar values(DEFAULT,'Veroes','Parroquia',338);
insert into Lugar values(DEFAULT,'El Guayabo','Parroquia',338);

insert into Lugar values(DEFAULT,'Isla de Toas','Parroquia',339);             --1340
insert into Lugar values(DEFAULT,'Monagas','Parroquia',339);
insert into Lugar values(DEFAULT,'San Timoteo','Parroquia',340);
insert into Lugar values(DEFAULT,'General Urdaneta','Parroquia',340);
insert into Lugar values(DEFAULT,'Libertador','Parroquia',340);
insert into Lugar values(DEFAULT,'Manuel Guanipa Matos','Parroquia',340);
insert into Lugar values(DEFAULT,'Marcelino Briceno','Parroquia',340);
insert into Lugar values(DEFAULT,'Pueblo Nuevo','Parroquia',340);
insert into Lugar values(DEFAULT,'Ambrosio','Parroquia',341);
insert into Lugar values(DEFAULT,'Carmen Herrera','Parroquia',341);
insert into Lugar values(DEFAULT,'German Rios Linares','Parroquia',341);
insert into Lugar values(DEFAULT,'La Rosa','Parroquia',341);
insert into Lugar values(DEFAULT,'Jorge Hernandez','Parroquia',341);
insert into Lugar values(DEFAULT,'Romulo Betancourt','Parroquia',341);
insert into Lugar values(DEFAULT,'San Benito','Parroquia',341);
insert into Lugar values(DEFAULT,'Aristides Calvani','Parroquia',341);
insert into Lugar values(DEFAULT,'Punta Gorda','Parroquia',341);
insert into Lugar values(DEFAULT,'Encontrados','Parroquia',342);
insert into Lugar values(DEFAULT,'Udon Perez','Parroquia',342);
insert into Lugar values(DEFAULT,'San Carlos del Zulia','Parroquia',343);
insert into Lugar values(DEFAULT,'Moralito','Parroquia',343);
insert into Lugar values(DEFAULT,'Santa Barbara','Parroquia',343);
insert into Lugar values(DEFAULT,'Santa Cruz del Zulia','Parroquia',343);
insert into Lugar values(DEFAULT,'Urribarri','Parroquia',343);
insert into Lugar values(DEFAULT,'Simon Rodriguez','Parroquia',344);
insert into Lugar values(DEFAULT,'Carlos Quevedo','Parroquia',344);
insert into Lugar values(DEFAULT,'Francisco Javier Pulgar','Parroquia',344);
insert into Lugar values(DEFAULT,'Agustin Codazzi','Parroquia',344);
insert into Lugar values(DEFAULT,'La Concepcion','Parroquia',345);
insert into Lugar values(DEFAULT,'Jose Ramon Yepes','Parroquia',345);
insert into Lugar values(DEFAULT,'Mariano Parra Leon','Parroquia',345);
insert into Lugar values(DEFAULT,'San Jose','Parroquia',345);
insert into Lugar values(DEFAULT,'Jesus Maria Semprun','Parroquia',346);
insert into Lugar values(DEFAULT,'Bari','Parroquia',346);
insert into Lugar values(DEFAULT,'Concepcion','Parroquia',347);
insert into Lugar values(DEFAULT,'Andres Bello','Parroquia',347);
insert into Lugar values(DEFAULT,'Chiquinquira','Parroquia',347);
insert into Lugar values(DEFAULT,'El Carmelo','Parroquia',347);
insert into Lugar values(DEFAULT,'Potreritos','Parroquia',347);
insert into Lugar values(DEFAULT,'Alonso de Ojeda','Parroquia',348);
insert into Lugar values(DEFAULT,'Libertad','Parroquia',348);
insert into Lugar values(DEFAULT,'Campo Lara','Parroquia',348);
insert into Lugar values(DEFAULT,'Eleazar Lopez Contreras','Parroquia',348);
insert into Lugar values(DEFAULT,'Venezuela','Parroquia',348);
insert into Lugar values(DEFAULT,'El Danto','Parroquia',348);
insert into Lugar values(DEFAULT,'Libertad','Parroquia',349);
insert into Lugar values(DEFAULT,'Bartolome de las Casas','Parroquia',349);
insert into Lugar values(DEFAULT,'Rio Negro','Parroquia',349);
insert into Lugar values(DEFAULT,'San Jose de Perija','Parroquia',349);
insert into Lugar values(DEFAULT,'San Rafael','Parroquia',350);
insert into Lugar values(DEFAULT,'La Sierrita','Parroquia',350);
insert into Lugar values(DEFAULT,'Las Parcelas','Parroquia',350);
insert into Lugar values(DEFAULT,'Luis de Vicente','Parroquia',350);
insert into Lugar values(DEFAULT,'Monsenor Marcos Sergio Godoy','Parroquia',350);
insert into Lugar values(DEFAULT,'Ricaurte','Parroquia',350);
insert into Lugar values(DEFAULT,'Tamare','Parroquia',350);
insert into Lugar values(DEFAULT,'Antonio Borjas Romero','Parroquia',351);
insert into Lugar values(DEFAULT,'Bolivar','Parroquia',351);
insert into Lugar values(DEFAULT,'Cacique Mara','Parroquia',351);
insert into Lugar values(DEFAULT,'Caracciolo Parra Perez','Parroquia',351);
insert into Lugar values(DEFAULT,'Cecilio Acosta','Parroquia',351);
insert into Lugar values(DEFAULT,'Cristo de Aranza','Parroquia',351);
insert into Lugar values(DEFAULT,'Coquivacoa','Parroquia',351);
insert into Lugar values(DEFAULT,'Chiquinquira','Parroquia',351);
insert into Lugar values(DEFAULT,'Francisco Eugenio Bustamante','Parroquia',351);
insert into Lugar values(DEFAULT,'Idelfonso Vasquez','Parroquia',351);
insert into Lugar values(DEFAULT,'Juana de Avila','Parroquia',351);
insert into Lugar values(DEFAULT,'Luis Hurtado Higuera','Parroquia',351);
insert into Lugar values(DEFAULT,'Manuel Dagnino','Parroquia',351);
insert into Lugar values(DEFAULT,'Olegario Villalobos','Parroquia',351);
insert into Lugar values(DEFAULT,'Raul Leoni','Parroquia',351);
insert into Lugar values(DEFAULT,'Santa Lucia','Parroquia',351);
insert into Lugar values(DEFAULT,'Venancio Pulgar','Parroquia',351);
insert into Lugar values(DEFAULT,'San Isidro','Parroquia',351);
insert into Lugar values(DEFAULT,'Altagracia','Parroquia',352);
insert into Lugar values(DEFAULT,'Ana Maria Campos','Parroquia',352);
insert into Lugar values(DEFAULT,'Faria','Parroquia',352);
insert into Lugar values(DEFAULT,'San Antonio','Parroquia',352);
insert into Lugar values(DEFAULT,'San Jose','Parroquia',352);
insert into Lugar values(DEFAULT,'Jose Antonio Chaves','Parroquia',352);
insert into Lugar values(DEFAULT,'Sinamaica','Parroquia',353);
insert into Lugar values(DEFAULT,'Alta Guajira','Parroquia',353);
insert into Lugar values(DEFAULT,'Elias Sanchez Rubio','Parroquia',353);
insert into Lugar values(DEFAULT,'Guajira','Parroquia',353);
insert into Lugar values(DEFAULT,'El Rosario','Parroquia',354);
insert into Lugar values(DEFAULT,'Donaldo Garcia','Parroquia',354);
insert into Lugar values(DEFAULT,'Sixto Zambrano','Parroquia',354);
insert into Lugar values(DEFAULT,'San Francisco','Parroquia',355);
insert into Lugar values(DEFAULT,'El Bajo','Parroquia',355);
insert into Lugar values(DEFAULT,'Domitila Flores','Parroquia',355);
insert into Lugar values(DEFAULT,'Francisco Ochoa','Parroquia',355);
insert into Lugar values(DEFAULT,'Los Cortijos','Parroquia',355);
insert into Lugar values(DEFAULT,'Marcial Hernandez','Parroquia',355);
insert into Lugar values(DEFAULT,'Jose Domingo Rus','Parroquia',355);
insert into Lugar values(DEFAULT,'Santa Rita','Parroquia',356);
insert into Lugar values(DEFAULT,'El Mene','Parroquia',356);
insert into Lugar values(DEFAULT,'Jose Cenovio Urribarri','Parroquia',356);
insert into Lugar values(DEFAULT,'Pedro Lucas Urribarri','Parroquia',356);
insert into Lugar values(DEFAULT,'Manuel Manrique','Parroquia',357);
insert into Lugar values(DEFAULT,'Rafael Maria Baralt','Parroquia',357);
insert into Lugar values(DEFAULT,'Rafael Urdaneta','Parroquia',357);
insert into Lugar values(DEFAULT,'Bobures','Parroquia',358);
insert into Lugar values(DEFAULT,'El Batey','Parroquia',358);
insert into Lugar values(DEFAULT,'Gibraltar','Parroquia',358);
insert into Lugar values(DEFAULT,'Heras','Parroquia',358);
insert into Lugar values(DEFAULT,'Monsenor Arturo Celestino Alvarez','Parroquia',358);
insert into Lugar values(DEFAULT,'Romulo Gallegos','Parroquia',358);
insert into Lugar values(DEFAULT,'La Victoria','Parroquia',359);
insert into Lugar values(DEFAULT,'Rafael Urdaneta','Parroquia',359);
insert into Lugar values(DEFAULT,'Raul Cuenca','Parroquia',359);

insert into Lugar values(DEFAULT,'23 de Enero','Parroquia',360);
insert into Lugar values(DEFAULT,'Altagracia','Parroquia',360);
insert into Lugar values(DEFAULT,'Antimano','Parroquia',360);
insert into Lugar values(DEFAULT,'Candelaria','Parroquia',360);
insert into Lugar values(DEFAULT,'Caricuao','Parroquia',360);
insert into Lugar values(DEFAULT,'Catedral','Parroquia',360);
insert into Lugar values(DEFAULT,'Coche','Parroquia',360);
insert into Lugar values(DEFAULT,'El Junquito','Parroquia',360);
insert into Lugar values(DEFAULT,'El Paraiso','Parroquia',360);
insert into Lugar values(DEFAULT,'El Recreo','Parroquia',360);
insert into Lugar values(DEFAULT,'El Valle','Parroquia',360);
insert into Lugar values(DEFAULT,'La Pastora','Parroquia',360);
insert into Lugar values(DEFAULT,'La Vega','Parroquia',360);
insert into Lugar values(DEFAULT,'Macarao','Parroquia',360);
insert into Lugar values(DEFAULT,'San Agustin','Parroquia',360);
insert into Lugar values(DEFAULT,'San Bernardino','Parroquia',360);
insert into Lugar values(DEFAULT,'San Jose','Parroquia',360);
insert into Lugar values(DEFAULT,'San Juan','Parroquia',360);
insert into Lugar values(DEFAULT,'San Pedro','Parroquia',360);
insert into Lugar values(DEFAULT,'Santa Rosalia','Parroquia',360);
insert into Lugar values(DEFAULT,'Santa Teresa','Parroquia',360);
insert into Lugar values(DEFAULT,'Sucre','Parroquia',360);

--Jinetes
insert into Jinete VALUES(16929383,'Alvaro','Atilio','Finol',null,'M','dir',1.49,48,53,null,'1983-11-16',24);
insert into Jinete VALUES(19039824,'Francisco',null,'Urdaneta',null,'M','dir',1.63,48,53,null,'1991-01-11',24);
insert into Jinete VALUES(17987306,'Robert',null,'Capriles',null,'M','dir',1.62,48,53,null,'1985-03-02',11);
insert into Jinete VALUES(18333281,'Maykor',null,'Ibarra',null,'M','dir',1.60,48,53,null,'1989-05-22',18);
insert into Jinete VALUES(19467384,'Yefren','Lenin','Rodriguez',null,'M','dir',1.54,48,53,null,'1988-03-03',5);
insert into Jinete VALUES(20012239,'Abrain',null,'Montes',null,'M','dir',1.58,48,53,null,'1990-11-21',25);
insert into Jinete VALUES(25782833,'Kevin','Mauricio','Aray','Peinado','M','dir',1.63,48,53,null,'1987-06-23',229);
insert into Jinete VALUES(18110290,'Yonder','Antonio','Rodriguez','Jaimes','M','dir',1.55,48,53,null,'1985-11-13',356);
insert into Jinete VALUES(17098320,'Maikel','Daniel','Rodriguez',null,'M','dir',1.53,48,54,null,'1983-12-27',215);
insert into Jinete VALUES(18110328,'Jonathan','Jesus','Aray','Lopez','M','dir',1.61,48,53,null,'1986-06-26',214);
insert into Jinete VALUES(17252229,'Daniel',null,'Hernandez',null,'M','dir',1.62,48,53,null,'1988-01-27',153);
insert into Jinete VALUES(27221239,'Cipriano','Antonio','Gil',null,'M','dir',1.59,48,53,null,'1999-07-14',92);
insert into Jinete VALUES(20076649,'Arnaldo','Jose','Chirinos','Maldonado','M','dir',1.53,48,54,null,'1988-09-05',177);
insert into Jinete VALUES(16178233,'Edwin',null,'Jaramillo','Silva','M','dir',1.50,48,53,null,'1983-05-25',218);
insert into Jinete VALUES(27559285,'Jose','Alejandro','Rivero',null,'M','dir',1.51,48,53,null,'2000-10-02',154);
insert into Jinete VALUES(28009121,'Edicson',null,'Acevedo',null,'M','dir',1.66,48,53,null,'1999-08-14',25);
insert into Jinete VALUES(15966989,'Adrian','Antonio','Montes','Oropeza','M','dir',1.60,48,56,null,'1984-11-21',327);
insert into Jinete VALUES(21939302,'Jonathan',null,'Herrera',null,'M','dir',1.57,48,53,null,'1992-04-21',192);
insert into Jinete VALUES(18889203,'Edgardo',null,'Arevalo',null,'M','dir',1.61,48,53,null,'1990-02-05',92);
insert into Jinete VALUES(25902227,'Jaime',null,'Lugo','C','M','dir',1.57,48,53,null,'1996-10-21',230);
insert into Jinete VALUES(24773280,'Jose','Gilberto','Hernandez',null,'M','dir',1.63,48,53,null,'1995-01-16',235);
insert into Jinete VALUES(19293169,'Francisco','Jose','Quevedo','Suarez','M','dir',1.55,48,53,'PROFESIONAL','1989-09-04',25);
insert into Jinete VALUES(17878274,'Jervis','Jose','Alvarado','Torres','M','dir',1.59,48,53,null,'1987-12-08',601); --cm upata
insert into Jinete VALUES(19235964,'Cindy','Paola','Carrero',null,'F','dir',1.51,48,53,null,'1989-02-20',1241); --sn juan bautista
insert into Jinete VALUES(18750673,'Gerfrin','Jesus','Cordero','Villegas','M','dir',1.60,48,53,null,'1988-12-25',1485); --coche
insert into Jinete VALUES(16702617,'Maria','Alejandra','Bruzual','Bruzual','F','dir',1.52,48,54,null,'1982-12-26',1178); --altagracia
insert into Jinete VALUES(17528845,'Julio','Valmore','Moncada','Zambrano','M','dir',1.55,48,55,null,'1987-09-14',1239); --la concordia
insert into Jinete VALUES(22002987,'Yaniel',null,'Caguado',null,'M','dir',1.59,48,53,null,'1993-03-23',778);
insert into Jinete VALUES(20398837,'Yonecso',null,'Bermudez',null,'M','dir',1.62,48,53,null,'1991-09-03',839);
insert into Jinete VALUES(17665830,'Carlos',null,'Brito',null,'M','dir',1.63,48,53,null,'1985-08-03',1220);
insert into Jinete VALUES(24424219,'Dellan',null,'Derrick',null,'M','dir',1.63,48,53,null,'1995-12-19',993);
insert into Jinete VALUES(26630998,'Kelvin','Jose','Perfecto',null,'M','dir',1.61,48,53,null,'1996-07-29',1387);
insert into Jinete VALUES(20754266,'Deyker','Douglas','Acosta','Meza','M','dir',1.55,48,53,null,'1989-07-12',1491);
insert into Jinete VALUES(19273373,'Kervin','B','Briceno',null,'M','dir',1.54,48,53,null,'1988-04-13',1171);

--Entrenadores
insert into Entrenador VALUES(13339835,'Fernando','Andres','Parilli','Tota','M','dir','2002-12-03',203);
insert into Entrenador VALUES(14486022,'Radames',null,'Santamaria',null,'M','dir','2004-06-21',203);
insert into Entrenador VALUES(6371724,'Yanir','Jose','Hurtado','Davila','M','dir','1998-02-11',653);
insert into Entrenador VALUES(11922339,'Dotwing','Alexander','Fernandez','Balza','M','dir','2015-06-29',1500); 
insert into Entrenador VALUES(5132768,'Ezequiel','Eduardo','Gonzalez','Calatayud','M','dir','1997-05-10',1498);
insert into Entrenador VALUES(8757187,'Wladimir',null,'Sanchez','Gonzalez','M','dir','1993-08-13',203);
insert into Entrenador VALUES(7282219,'Ruben','Antonio','Lanz','Lovera','M','dir','1999-10-06',1020);
insert into Entrenador VALUES(6431196,'Abraham','Jose','Campos','Guerrero','M','dir','2003-11-09',1500);
insert into Entrenador VALUES(6997630,'German','Jose','Rojas','Cabriles','M','dir','2004-05-26',1021);
insert into Entrenador VALUES(5363393,'Jose','Gregorio','Querales',null,'M','dir','1997-08-22',1131);
insert into Entrenador VALUES(11954569,'Ismael','Antonio','Paredes','Vargas','M','dir','2015-10-16',932);
insert into Entrenador VALUES(18015608,'Ademar','Antonio','Rodriguez','Pinango','M','dir','2012-08-31',1487);
insert into Entrenador VALUES(7258517,'Freddy','Jose','Escobar','Romero','M','dir','1996-09-09',476);
insert into Entrenador VALUES(10484532,'Gabriel','Alexander','Marquez','Mendez','M','dir','2011-01-29',1496);
insert into Entrenador VALUES(11366327,'Luis','Eleazar','Peraza','Rondon','M','dir','2010-08-25',1496);
insert into Entrenador VALUES(10864313,'Carlos','Enrique','Regalado','Soto','M','dir','2011-05-27',1497);
insert into Entrenador VALUES(13069496,'Ingerman','Adrian','Sanoja','Rodriguez','M','dir','2017-04-04',1479);
insert into Entrenador VALUES(8242467,'Rafael','V','Aleman','H','M','dir','2007-04-18',399);
insert into Entrenador VALUES(9745920,'David','Jose','Palencia','Abreu','M','dir','2007-02-16',1429);
insert into Entrenador VALUES(11738715,'Ramon',null,'Garcia','Mosquera','M','dir','2016-09-08',1016);
insert into Entrenador VALUES(13398444,'Ismael',null,'Martinez',null,'M','dir','2011-01-26',1101);
insert into Entrenador VALUES(4450307,'Jesus','Rafael','Villegas','Soto','M','dir','1991-09-29',652);
insert into Entrenador VALUES(5596194,'Juan','Carlos','Garcia','Matute','M','dir','2002-02-03',981);
insert into Entrenador VALUES(6965129,'Humberto','Jose Gregorio','Correia','De Jesus','M','dir','2007-03-25',1485);
insert into Entrenador VALUES(9745334,'Cesar',null,'Perez',null,'M','dir','1997-11-16',1327);
insert into Entrenador VALUES(16524826,'Carlos','Luis','Giardinella','Ortiz','M','dir','2019-12-06',1487);
insert into Entrenador VALUES(15200887,'Yordi','Antonio','Carvajal','Alzuarte','M','dir','2020-08-21',1485);
insert into Entrenador VALUES(6359664,'Antonio',null,'Bellardi','Di Sante','M','dir','1986-09-03',980);
insert into Entrenador VALUES(11409376,'Vincenzo','Eugenio','Di Luca','Fortunato','M','dir','2012-06-03',1497);
insert into Entrenador VALUES(14969394,'Rohendy','Celestino','Gamez','Garcia','M','dir','2009-05-11',592);
insert into Entrenador VALUES(7136471,'Wilmer','Edgardo','Landaeta','Lara','M','dir','1968-03-17',634);
insert into Entrenador VALUES(17562195,'Jesus','Antonio','Romero','Rojas','M','dir','2016-09-06',1487);
insert into Entrenador VALUES(17753077,'Ricardo','Argenis','Rosillo','Salvatori','M','dir','2016-03-10',593);
insert into Entrenador VALUES(7550053,'Rafael','Pietro','Cartolano','Logecio','M','dir','2002-06-29',1362);
insert into Entrenador VALUES(11111422,'Luis',null,'Gomez',null,'M','dir','2004-04-12',1088);
insert into Entrenador VALUES(12198300,'Luis',null,'Rosendo',null,'M','dir','2007-02-16',1430);
insert into Entrenador VALUES(11258728,'Nelson',null,'Henriquez',null,'M','dir','2006-12-07',1404);
insert into Entrenador VALUES(9912834,'Miguel',null,'Hernandez',null,'M','dir','2002-07-07',1033);
insert into Entrenador VALUES(3520385,'Fernando','Jose','Parilli','Araujo','M','dir','1990-07-19',1016);
insert into Entrenador VALUES(6509247,'Jose','Gregorio','Rodriguez','Gonzalez','M','dir','2004-03-10',1010);
insert into Entrenador VALUES(4441641,'Manuel','Antonio','Perez','Gleciano','M','dir','1994-08-14',1016);
insert into Entrenador VALUES(12975659,'Dany','Jesus','Pimentel','Bregantes','M','dir','2015-11-02',1022);
insert into Entrenador VALUES(9604431,'Carlos','Rafael','Arocha','Silva','M','dir','2008-08-13',858);

insert into Veterinario VALUES(4673725,'Freddy','Antonio','Morales','Bandes','M','dir',10385,1016,1);
insert into Veterinario VALUES(6818946,'Carlos','Ignacio','Larrazabal','Alamo','M','dir',12481,980,2);
insert into Veterinario VALUES(6670241,'David','Rafael','Rodriguez','Luna','M','dir',12399,619,3);
insert into Veterinario VALUES(12294752,'Nahomy',null,'Arana','Perez','F','dir',23885,1488,4);
insert into Veterinario VALUES(14143896,'Gabriel','Mauricio','Oliveros','Ojeda','M','dir',22834,1494,5);

insert into Propietario VALUES(6126381,'Jesus',null,'Romero','Mendez','M','dir','jesusromero61@inh.gob.ve','1957-02-12',1359);
insert into Propietario VALUES(8823193,'Luis','Alfredo','Martin','Campisi','M','dir','luismartin88@inh.gob.ve','1969-09-01',981);
insert into Propietario VALUES(5222820,'Manuel','Simon','Barreto','Baute','M','dir','manuelbarreto52@inh.gob.ve','1958-08-07',991);
insert into Propietario VALUES(13779603,'Michel','Antoine','Douaihy','Leon','M','dir','micheldouaihy137@inh.gob.ve','1977-09-27',1016);
insert into Propietario VALUES(3719492,'Victor','Manuel','Lozada','Avendano','M','dir','victorlozada37@inh.gob.ve','1955-01-03',1004);
insert into Propietario VALUES(6918483,'Piar','Jose','Martinez','Rizzuti','M','dir','piarmartinez69@inh.gob.ve','1968-11-01',981);
insert into Propietario VALUES(5543111,'Jorge',null,'Pimentel','Rodriguez','M','dir','jorgepimentel55@inh.gob.ve','1961-05-10',991);
insert into Propietario VALUES(6844510,'Vicente','Augusto','Rubino','Arriaga','M','dir','vicenterubino68@inh.gob.ve','1963-12-28',1020);
insert into Propietario VALUES(15149582,'Carlos','Luis','Uzcategui','Sanchez','M','dir','carlosuzcategui151@inh.gob.ve','1979-06-28',988);
insert into Propietario VALUES(3224737,'Francisco','Antonio','Convit','Marotta','M','dir','franciscoconvit32@inh.gob.ve','1948-02-01',982);
insert into Propietario VALUES(5530617,'Jose','Carlos','Gomez','Rodriguez','M','dir','josegomez55@inh.gob.ve','1959-11-28',1482);
insert into Propietario VALUES(6879925,'Luis','Guillermo','Haddad','Crasto','M','dir','luishaddad68@inh.gob.ve','1967-12-18',1004);
insert into Propietario VALUES(8391395,'Emilio','Jose','Leon','Silva','M','dir','emilioleon83@inh.gob.ve','1962-09-20',1089);
insert into Propietario VALUES(12958794,'Jorge','Eduardo','Madrid','Azocar','M','dir','jorgemadrid129@inh.gob.ve','1976-01-31',1497);
insert into Propietario VALUES(6822722,'Ignacio','Jose','Zubillaga','Perera','M','dir','ignaciozubillaga68@inh.gob.ve','1964-05-01',863);
insert into Propietario VALUES(6844526,'Luigi',null,'Miglietti','Torrealba','M','dir','luigimiglietti68@inh.gob.ve','1965-08-01',991);
insert into Propietario VALUES(3189825,'Luis','Alberto','Garcia','Montoya','M','dir','luisgarcia31@inh.gob.ve','1951-11-06',981);
insert into Propietario VALUES(3225959,'Kelvin','Alxis','Alvarez','Parodis','M','dir','kelvinalvarez32@inh.gob.ve','1949-06-04',991);
insert into Propietario VALUES(15222348,'Alfonso','Javier','Delgado','Vilera','M','dir','alfonsodelgado152@inh.gob.ve','1978-10-07',490);
insert into Propietario VALUES(7090152,'Ruben',null,'Rodriguez','Joya','M','dir','rubenrodriguez70@inh.gob.ve','1965-10-22',1378);
insert into Propietario VALUES(6428607,'Armando',null,'Rodriguez','Garcia','M','dir','armandorodriguez64@inh.gob.ve','1963-10-23',1486);
insert into Propietario VALUES(5972079,'Jose','Gregorio','Castro',null,'M','dir','josecastro59@inh.gob.ve','1961-01-19',1479);
insert into Propietario VALUES(5414243,'Vittorio','Antonio','Lungavite','Liberto','M','dir','vittoriolungavite54@inh.gob.ve','1941-01-14',980);
insert into Propietario VALUES(5973529,'Arne','Stvenson','Chacon','Escamilla','M','dir','arnechacon59@inh.gob.ve','1963-01-02',980);
insert into Propietario VALUES(8179306,'Alberto','Jose','Acosta','Espinoza','M','dir','albertoacosta81@inh.gob.ve','1965-02-06',578);
insert into Propietario VALUES(14394858,'Raed','Muhamed','Badwan','Abdel','M','dir','raedbadwan143@inh.gob.ve','1979-04-06',807);
---Telefono Propietario ---
Insert into telefono values(Default,58,9831151,412,'Movil',null,6126381);
Insert into telefono values(Default,58,	2480148,414,'Movil',null,8823193);
Insert into telefono values(Default,58,	2450548,416,'Movil',null,5222820);
Insert into telefono values(Default,58,	1739686,412,'Movil',null,13779603);
Insert into telefono values(Default,58,	4562871,414,'Movil',null,3719492);
Insert into telefono values(Default,58",1597534,412,'Movil'	,null,6918483);;
Insert into telefono values(Default,58,	1478523,426,'Movil'	,null,5543111);
Insert into telefono values(Default,58,	1674832,414,'Movil'	,null,6844510);
Insert into telefono values(Default,58,	4236854,424,'Movil'	,null,15149582);
Insert into telefono values(Default,58,	2783720,414,'Movil'	,null,3224737);
Insert into telefono values(Default,58,	2856947,412,'Movil'	,null,5530617);
Insert into telefono values(Default,58,	1469547,426",'Movil',null,6879925);
Insert into telefono values(Default,58,	5458939,212",'Trabajo',null,8391395);
Insert into telefono values(Default,58,	5419502,212",'Movil',null,	12958794);
Insert into telefono values(Default,58,	4838246,212,'Local',null,6822722);
Insert into telefono values(Default,58,	6514569	,412,'Movil',null,6844526);
Insert into telefono values(Default,58,	1599512,414,'Movil',null,3189825);
Insert into telefono values(Default,58,	2454045,424,'Movil',null,3225959);
Insert into telefono values(Default,58,	161972,	414,'Movil',null,15222348);
Insert into telefono values(Default,58,	3862154,412,'Movil',null,7090152);
Insert into telefono values(Default,58,	2070107,424,'Movil',null,6428607);
Insert into telefono values(Default,58,	9119618,412,'Movil',null,5972079);
Insert into telefono values(Default,58,	6329958,212,'Trabajo',null,5414243);
Insert into telefono values(Default,58,	2519983,424,'Movil',null,5973529);
Insert into telefono values(Default,58,	5802387,426,'Movil',null,8179306);
Insert into telefono values(Default,58,	1224305,414,'Movil',null,14394858);
--Telefono Hipodromo--
Insert into telefono values(Default,58,	8080349,212,'Movil',1,null);	



insert into Aficionado VALUES(30395284,'Nicolas','Adrian','Setien','Briceno','M','Salado Bajo','Estudiante',906); --montalban
insert into Aficionado VALUES(27670971,'Eduardo','Miguel','Consalvo','Perez','M','La Trinidad','Estudiante',980); --baruta
insert into Aficionado VALUES(28426562,'Jose','Jesus','Nunez','Gonzalez','M','Montalban II','Estudiante',1491); --la vega
insert into Aficionado VALUES(29553823,'Johandry','Steiker','Mieles','Mora','M','Av. Vollmer','Estudiante',1494); --san bernardino
insert into Aficionado VALUES(29583211,'Marco','Fidel','Castro','Ochoa','M','Capitolio','Estudiante',1484); --catedral
insert into Aficionado VALUES(29551908,'Eduardo',null,'Alvarez de Lugo','Carvallo','M','Campo Alegre','Estudiante',988);

insert into Haras VALUES(DEFAULT,'Alegria', 1);
insert into Haras VALUES(DEFAULT,'Bello Monte', 2);
insert into Haras VALUES(DEFAULT,'Los Caracaros', 3);
insert into Haras VALUES(DEFAULT,'Agua Miel', 1);
insert into Haras VALUES(DEFAULT,'Luisiana', 2);
insert into Haras VALUES(DEFAULT,'La Orlyana', 3);
insert into Haras VALUES(DEFAULT,'La Primavera', 1);
insert into Haras VALUES(DEFAULT,'Los Samanes', 2);
insert into Haras VALUES(DEFAULT,'Vista Hermosa', 3);
insert into Haras VALUES(DEFAULT,'La Celeste', 1);
insert into Haras VALUES(DEFAULT,'Paumar', 2);
insert into Haras VALUES(DEFAULT,'Monumental', 3);
insert into Haras VALUES(DEFAULT,'Urama', 1);
insert into Haras VALUES(DEFAULT,'La Alhambra', 2);
insert into Haras VALUES(DEFAULT,'Oropal', 3);
insert into Haras VALUES(DEFAULT,'La Mulera', 1);
insert into Haras VALUES(DEFAULT,'Montesano', 2);
insert into Haras VALUES(DEFAULT,'El Bosque', 3);
insert into Haras VALUES(DEFAULT,'H.M.', 1);
insert into Haras VALUES(DEFAULT,'La Invasion', 2);
insert into Haras VALUES(DEFAULT,'La Encantada', 3);
insert into Haras VALUES(DEFAULT,'Erre-Ene', 1);
insert into Haras VALUES(DEFAULT,'La Lechuza', 2);
insert into Haras VALUES(DEFAULT,'Del Mar', 3);
insert into Haras VALUES(DEFAULT,'San Joaquin', 1);
insert into Haras VALUES(DEFAULT,'La Giralda', 2);
insert into Haras VALUES(DEFAULT,'El Rosal', 3);
insert into Haras VALUES(DEFAULT,'La Alameda', 1);
insert into Haras VALUES(DEFAULT,'El Centauro', 2);
insert into Haras VALUES(DEFAULT,'Los Aguacates', 3);
insert into Haras VALUES(DEFAULT,'El Nuevo Color', 1);

insert into Stud VALUES(DEFAULT,'Punto Blanco','1963-06-28'); --1
insert into Stud VALUES(DEFAULT,'Yofyel','1973-10-09');
insert into Stud VALUES(DEFAULT,'M.M.','2016-09-24');
insert into Stud VALUES(DEFAULT,'Daga Espanola','1958-04-19');--4
insert into Stud VALUES(DEFAULT,'San Remo','1966-09-07');
insert into Stud VALUES(DEFAULT,'Barcelona','1990-05-04');
insert into Stud VALUES(DEFAULT,'Adag','1974-02-03');--7
insert into Stud VALUES(DEFAULT,'Azatlan','2007-03-14');
insert into Stud VALUES(DEFAULT,'Hermanos Egas','1977-08-22');
insert into Stud VALUES(DEFAULT,'Inaki','1996-09-06');--10
insert into Stud VALUES(DEFAULT,'Mi Gran Abuela','1978-08-23');
insert into Stud VALUES(DEFAULT,'DAF 1','1979-03-30');
insert into Stud VALUES(DEFAULT,'Extinguisher Capi','1968-04-18');
insert into Stud VALUES(DEFAULT,'Los Cotuas','1957-04-20');--14
insert into Stud VALUES(DEFAULT,'King of Kings','2000-10-06');
insert into Stud VALUES(DEFAULT,'Apple','2003-10-20');
insert into Stud VALUES(DEFAULT,'Dava','1987-08-27');--17
insert into Stud VALUES(DEFAULT,'Doble S','1993-03-24');
insert into Stud VALUES(DEFAULT,'Chamus','1956-01-20');
insert into Stud VALUES(DEFAULT,'Ayubi \& Aleman','1980-12-28');--20
insert into Stud VALUES(DEFAULT,'Los Samanes & Susana','1969-03-27');
insert into Stud VALUES(DEFAULT,'Grupo El Yankee','1997-02-23');
insert into Stud VALUES(DEFAULT,'St Lucia -Santanyi','1959-07-02');
insert into Stud VALUES(DEFAULT,'Mo Cuishle','2006-06-15');--24
insert into Stud VALUES(DEFAULT,'Cigar','1962-07-25');
insert into Stud VALUES(DEFAULT,'Odde','2017-05-16');
insert into Stud VALUES(DEFAULT,'La Fontonera','2007-03-27');--27
insert into Stud VALUES(DEFAULT,'Loschads','2016-12-28');
insert into Stud VALUES(DEFAULT,'Z.M.','1972-06-13');
insert into Stud VALUES(DEFAULT,'J. Sanchez','1992-05-27');--30
insert into Stud VALUES(DEFAULT,'My Society','1954-05-12');
insert into Stud VALUES(DEFAULT,'Agnelbel','1982-06-30');
insert into Stud VALUES(DEFAULT,'P.P.','1981-07-16');--33
insert into Stud VALUES(DEFAULT,'La Ciencia','2012-05-15');
insert into Stud VALUES(DEFAULT,'Emma Lucia','1963-11-09');
insert into Stud VALUES(DEFAULT,'Corinthius','1992-04-14');--36
insert into Stud VALUES(DEFAULT,'Mon Rol','1961-01-14');
insert into Stud VALUES(DEFAULT,'Mama Adela','1998-02-17');
insert into Stud VALUES(DEFAULT,'Dubai 2021','2004-07-24');--39
insert into Stud VALUES(DEFAULT,'El Incomodo','1989-07-28');
insert into Stud VALUES(DEFAULT,'Gimnasio','1997-02-24');
insert into Stud VALUES(DEFAULT,'El Doret','1982-06-08');--42
insert into Stud VALUES(DEFAULT,'El Patriarca','1994-03-20');
insert into Stud VALUES(DEFAULT,'Zurich','1968-11-18');
insert into Stud VALUES(DEFAULT,'Arantxa II','2006-05-30');--45
insert into Stud VALUES(DEFAULT,'Lucky Dog','1967-01-30');
insert into Stud VALUES(DEFAULT,'Los Precisos','1996-07-30');
insert into Stud VALUES(DEFAULT,'Taramundi','2000-09-19');--48
insert into Stud VALUES(DEFAULT,'R.Q.','2002-03-30');
insert into Stud VALUES(DEFAULT,'Diego ysus AmigosIII','1992-02-28');
insert into Stud VALUES(DEFAULT,'P.G.','1994-09-28');--51
insert into Stud VALUES(DEFAULT,'Yurenyerly','1956-07-17');
insert into Stud VALUES(DEFAULT,'Los Audaces','1985-11-14');
insert into Stud VALUES(DEFAULT,'Adrian C','1992-05-08');--54
insert into Stud VALUES(DEFAULT,'L & H','2011-01-02');
insert into Stud VALUES(DEFAULT,'Surprise Day','2007-07-11');
insert into Stud VALUES(DEFAULT,'Las Veritas','2010-03-27');--57
insert into Stud VALUES(DEFAULT,'Sanchecitos','1960-06-14');
insert into Stud VALUES(DEFAULT,'Los Precisos','2006-01-22');
insert into Stud VALUES(DEFAULT,'Sr Jose Luis','1959-09-28');--60
insert into Stud VALUES(DEFAULT,'SettePower','1978-11-18');
insert into Stud VALUES(DEFAULT,'Copo de Nieve','2005-11-20');
insert into Stud VALUES(DEFAULT,'Black Tito','2013-11-02');--63
insert into Stud VALUES(DEFAULT,'L.F.','1976-04-04');
insert into Stud VALUES(DEFAULT,'Linda Abril','1997-10-09');
insert into Stud VALUES(DEFAULT,'Fast Navy','1961-03-26');--66
insert into Stud VALUES(DEFAULT,'Las Acacias VBP','1969-06-09');
insert into Stud VALUES(DEFAULT,'Mi Mamita','1980-04-27');
insert into Stud VALUES(DEFAULT,'San Ros','1990-04-26');--69
insert into Stud VALUES(DEFAULT,'Transformers','1985-04-09');
insert into Stud VALUES(DEFAULT,'Roygam','1998-04-28');
insert into Stud VALUES(DEFAULT,'Hacedion','1977-05-19');--72
insert into Stud VALUES(DEFAULT,'LosSamanes-Matilde&Domingo','1995-10-05');
insert into Stud VALUES(DEFAULT,'Sermar','1951-12-27');
insert into Stud VALUES(DEFAULT,'El Gran Misterio','1980-11-29');--75
insert into Stud VALUES(DEFAULT,'San Michael','1961-02-20');
insert into Stud VALUES(DEFAULT,'Virgen de Guadalupe','1956-05-28');
insert into Stud VALUES(DEFAULT,'Andrea  I','1967-08-13');--78
insert into Stud VALUES(DEFAULT,'Feralico','2003-10-23');
insert into Stud VALUES(DEFAULT,'Copo de Nieve','2008-12-24');
insert into Stud VALUES(DEFAULT,'Queen Feralico','2005-10-05');--81
insert into Stud VALUES(DEFAULT,'Odde','1973-04-27');
insert into Stud VALUES(DEFAULT,'Cold Power','1982-07-20');

insert into Tipo_Usuario VALUES(DEFAULT,'Aficionado');
insert into Tipo_Usuario VALUES(DEFAULT,'Entrenador');
insert into Tipo_Usuario VALUES(DEFAULT,'Personal'); --jinete propietario veterinario
insert into Tipo_Usuario VALUES(DEFAULT,'Administrador');

insert into Accion(ACC_Nombre, ACC_Tabla_Objetivo) VALUES('CREATE', 'Ejemplar');
insert into Accion(ACC_Nombre, ACC_Tabla_Objetivo) VALUES('READ',   'Ejemplar');
insert into Accion(ACC_Nombre, ACC_Tabla_Objetivo) VALUES('UPDATE', 'Ejemplar');
insert into Accion(ACC_Nombre, ACC_Tabla_Objetivo) VALUES('DELETE', 'Ejemplar');
------
insert into Accion(ACC_Nombre, ACC_Tabla_Objetivo) VALUES('CREATE', 'Entrenador');
insert into Accion(ACC_Nombre, ACC_Tabla_Objetivo) VALUES('READ',   'Entrenador');
insert into Accion(ACC_Nombre, ACC_Tabla_Objetivo) VALUES('UPDATE', 'Entrenador');
insert into Accion(ACC_Nombre, ACC_Tabla_Objetivo) VALUES('DELETE', 'Entrenador');
------
insert into Accion(ACC_Nombre, ACC_Tabla_Objetivo) VALUES('CREATE', 'Jinete');
insert into Accion(ACC_Nombre, ACC_Tabla_Objetivo) VALUES('READ',   'Jinete');
insert into Accion(ACC_Nombre, ACC_Tabla_Objetivo) VALUES('UPDATE', 'Jinete');
insert into Accion(ACC_Nombre, ACC_Tabla_Objetivo) VALUES('DELETE', 'Jinete');
------
insert into Accion(ACC_Nombre, ACC_Tabla_Objetivo) VALUES('CREATE', 'Stud');
insert into Accion(ACC_Nombre, ACC_Tabla_Objetivo) VALUES('READ',   'Stud');
insert into Accion(ACC_Nombre, ACC_Tabla_Objetivo) VALUES('UPDATE', 'Stud');
insert into Accion(ACC_Nombre, ACC_Tabla_Objetivo) VALUES('DELETE', 'Stud');
------
insert into Accion(ACC_Nombre, ACC_Tabla_Objetivo) VALUES('CREATE', 'Carrera');
insert into Accion(ACC_Nombre, ACC_Tabla_Objetivo) VALUES('READ',   'Carrera');
insert into Accion(ACC_Nombre, ACC_Tabla_Objetivo) VALUES('UPDATE', 'Carrera');
insert into Accion(ACC_Nombre, ACC_Tabla_Objetivo) VALUES('DELETE', 'Carrera');
------
insert into Accion(ACC_Nombre, ACC_Tabla_Objetivo) VALUES('CREATE', 'Propietario');
insert into Accion(ACC_Nombre, ACC_Tabla_Objetivo) VALUES('READ',   'Propietario');
insert into Accion(ACC_Nombre, ACC_Tabla_Objetivo) VALUES('UPDATE', 'Propietario');
insert into Accion(ACC_Nombre, ACC_Tabla_Objetivo) VALUES('DELETE', 'Propietario');
------
insert into Accion(ACC_Nombre, ACC_Tabla_Objetivo) VALUES('CREATE', 'Tipo_Usuario');
insert into Accion(ACC_Nombre, ACC_Tabla_Objetivo) VALUES('READ',   'Tipo_Usuario');
insert into Accion(ACC_Nombre, ACC_Tabla_Objetivo) VALUES('UPDATE', 'Tipo_Usuario');
insert into Accion(ACC_Nombre, ACC_Tabla_Objetivo) VALUES('DELETE', 'Tipo_Usuario');
------
insert into Accion(ACC_Nombre, ACC_Tabla_Objetivo) VALUES('CREATE', 'Usuario');
insert into Accion(ACC_Nombre, ACC_Tabla_Objetivo) VALUES('READ',   'Usuario');
insert into Accion(ACC_Nombre, ACC_Tabla_Objetivo) VALUES('UPDATE', 'Usuario');
insert into Accion(ACC_Nombre, ACC_Tabla_Objetivo) VALUES('DELETE', 'Usuario');

insert into Color VALUES(DEFAULT,'Azul');       --1
insert into Color VALUES(DEFAULT,'Azul elec');  --2
insert into Color VALUES(DEFAULT,'Azul marino');--3
insert into Color VALUES(DEFAULT,'Amarillo');   --4
insert into Color VALUES(DEFAULT,'Blanco');     --5
insert into Color VALUES(DEFAULT,'Beige');      --6
insert into Color VALUES(DEFAULT,'Carrubio');   --7
insert into Color VALUES(DEFAULT,'Celeste');    --8
insert into Color VALUES(DEFAULT,'Dorado');     --9
insert into Color VALUES(DEFAULT,'Fucsia');     --10
insert into Color VALUES(DEFAULT,'Gris');       --11
insert into Color VALUES(DEFAULT,'Marron');     --12
insert into Color VALUES(DEFAULT,'Morado');     --13
insert into Color VALUES(DEFAULT,'Naranja');    --14
insert into Color VALUES(DEFAULT,'Negro');      --15
insert into Color VALUES(DEFAULT,'Plateado');   --16
insert into Color VALUES(DEFAULT,'Rojo');       --17
insert into Color VALUES(DEFAULT,'Rosado');     --18
insert into Color VALUES(DEFAULT,'Turquesa');   --19
insert into Color VALUES(DEFAULT,'Verde');      --20
insert into Color VALUES(DEFAULT,'Verd osc');   --21
insert into Color VALUES(DEFAULT,'Vinotinto');  --22

insert into Categoria_Carrera VALUES(DEFAULT,'Normal');
insert into Categoria_Carrera VALUES(DEFAULT,'Clasico');
insert into Categoria_Carrera VALUES(DEFAULT,'Copa');

insert into Tipo_Carrera VALUES(DEFAULT,'Potrancas de 2 annos, debutantes o no ganadoras.','Y',2,2,0,0);
insert into Tipo_Carrera VALUES(DEFAULT,'Caballos de 5 y mas annos. Ganadores de 1 carrera.','C',5,20,1,1);
insert into Tipo_Carrera VALUES(DEFAULT,'Caballos de 3 annos, debutantes o no ganadores.','C',3,3,0,0);
insert into Tipo_Carrera VALUES(DEFAULT,'Yeguas de 3 y 4 annos, ganadoras de 2 carreras','Y',3,4,2,2);
insert into Tipo_Carrera VALUES(DEFAULT,'Yeguas de 4 annos, debutantes o no ganadoras.','Y',4,4,0,0);
insert into Tipo_Carrera VALUES(DEFAULT,'Yeguas de 5 annos, ganadoras de 2 y 3 carreras','Y',5,5,2,3);
insert into Tipo_Carrera VALUES(DEFAULT,'Yeguas de 6 y mas annos, ganadoras de 2 y 3 carreras','Y',6,20,2,3);
insert into Tipo_Carrera VALUES(DEFAULT,'Caballos de 6 y mas annos, ganadores de 2 y 3 carreras','C',6,20,2,3);
insert into Tipo_Carrera VALUES(DEFAULT,'Caballos de 6 y mas annos, ganadores de 4,5,6 carreras','C',6,20,4,6);
insert into Tipo_Carrera VALUES(DEFAULT,'Yeguas de 3 annos, debutantes o no ganadoras','Y',3,3,0,0);

insert into Causa_Retiro VALUES(DEFAULT,'desc','Caneras',3);
insert into Causa_Retiro VALUES(DEFAULT,'desc','Esparavanes',1);
insert into Causa_Retiro VALUES(DEFAULT,'desc','Carpitis',4);
insert into Causa_Retiro VALUES(DEFAULT,'desc','Tendonitis',2);
insert into Causa_Retiro VALUES(DEFAULT,'desc','Castracion',2);
insert into Causa_Retiro VALUES(DEFAULT,'desc','Miositis',2);
insert into Causa_Retiro VALUES(DEFAULT,'desc','Erlichosis',1);

insert into Implemento VALUES(DEFAULT,'Gringola','GR');
insert into Implemento VALUES(DEFAULT,'Lengua Amarrada','LA');
insert into Implemento VALUES(DEFAULT,'Bozal','BZ');
insert into Implemento VALUES(DEFAULT,'Bozal Lenguero','BL');
insert into Implemento VALUES(DEFAULT,'Bozal Blanco Nose Band','BB');
insert into Implemento VALUES(DEFAULT,'Martingala','M');
insert into Implemento VALUES(DEFAULT,'Preta','P');
insert into Implemento VALUES(DEFAULT,'Guayo','G');
insert into Implemento VALUES(DEFAULT,'Vendas','V');
insert into Implemento VALUES(DEFAULT,'Orejas Tapadas','OT');
insert into Implemento VALUES(DEFAULT,'Latigo','L');
insert into Implemento VALUES(DEFAULT,'Casquillos Correctivos','CC');
insert into Implemento VALUES(DEFAULT,'Casquillos de Hierro','CH');

insert into Porcentaje_Dividendo VALUES(DEFAULT,1,0.60);
insert into Porcentaje_Dividendo VALUES(DEFAULT,2,0.28);
insert into Porcentaje_Dividendo VALUES(DEFAULT,3,0.07);
insert into Porcentaje_Dividendo VALUES(DEFAULT,4,0.03);
insert into Porcentaje_Dividendo VALUES(DEFAULT,5,0.02);

insert into Hipodromo VALUES(DEFAULT,'Hipodromo La Rinconada','Calle Interna Hipodromo','1959-07-05','El hipodromo tiene un diseno arquitectural que refleja las tendencias de mediados de los 1950. Fue disenado por el arquitecto Arthur Froelich, quien esta detras del diseno de los hipodromos de diversas ciudades en los Estados Unidos. Por su parte, el paisajista Roberto Burle Marx, quien disenare el paisajismo del Parque del Este en 1961, fue el encargado de disenar los jardines y areas verdes del hipodromo, incluyendo el ovalo central. Ademas, los murales del ecimiento fueron disenados por el arquitecto Giuseppe Pizzo. La construccion del hipodromo inicio en 1956 bajo el mandato de Marcos Perez Jimenez, en terrenos comprados por 28 millones de dolares al Haras La Rinconada, y el 5 de julio de 1959 fue inaugurado. En 2009 el Instituto de Patrimonio Cultura declaro al Hipodromo La Rinconada como monumento nacional.',24);

insert into Caballeriza VALUES(DEFAULT,1,30,1);
insert into Caballeriza VALUES(DEFAULT,2,30,1);
insert into Caballeriza VALUES(DEFAULT,3,20,1);
insert into Caballeriza VALUES(DEFAULT,4,30,1);
insert into Caballeriza VALUES(DEFAULT,5,20,1);

insert into Puesto VALUES(DEFAULT,1,1);insert into Puesto VALUES(DEFAULT,2,1);insert into Puesto VALUES(DEFAULT,3,1);insert into Puesto VALUES(DEFAULT,4,1);insert into Puesto VALUES(DEFAULT,5,1);insert into Puesto VALUES(DEFAULT,6,1);insert into Puesto VALUES(DEFAULT,7,1);insert into Puesto VALUES(DEFAULT,8,1);insert into Puesto VALUES(DEFAULT,9,1);insert into Puesto VALUES(DEFAULT,10,1);insert into Puesto VALUES(DEFAULT,11,1);insert into Puesto VALUES(DEFAULT,12,1);insert into Puesto VALUES(DEFAULT,13,1);insert into Puesto VALUES(DEFAULT,14,1);insert into Puesto VALUES(DEFAULT,15,1);insert into Puesto VALUES(DEFAULT,16,1);insert into Puesto VALUES(DEFAULT,17,1);insert into Puesto VALUES(DEFAULT,18,1);insert into Puesto VALUES(DEFAULT,19,1);insert into Puesto VALUES(DEFAULT,20,1);insert into Puesto VALUES(DEFAULT,21,1);insert into Puesto VALUES(DEFAULT,22,1);insert into Puesto VALUES(DEFAULT,23,1);insert into Puesto VALUES(DEFAULT,24,1);insert into Puesto VALUES(DEFAULT,25,1);insert into Puesto VALUES(DEFAULT,26,1);insert into Puesto VALUES(DEFAULT,27,1);insert into Puesto VALUES(DEFAULT,28,1);insert into Puesto VALUES(DEFAULT,29,1);insert into Puesto VALUES(DEFAULT,30,1);
insert into Puesto VALUES(DEFAULT,1,2);insert into Puesto VALUES(DEFAULT,2,2);insert into Puesto VALUES(DEFAULT,3,2);insert into Puesto VALUES(DEFAULT,4,2);insert into Puesto VALUES(DEFAULT,5,2);insert into Puesto VALUES(DEFAULT,6,2);insert into Puesto VALUES(DEFAULT,7,2);insert into Puesto VALUES(DEFAULT,8,2);insert into Puesto VALUES(DEFAULT,9,2);insert into Puesto VALUES(DEFAULT,10,2);insert into Puesto VALUES(DEFAULT,11,2);insert into Puesto VALUES(DEFAULT,12,2);insert into Puesto VALUES(DEFAULT,13,2);insert into Puesto VALUES(DEFAULT,14,2);insert into Puesto VALUES(DEFAULT,15,2);insert into Puesto VALUES(DEFAULT,16,2);insert into Puesto VALUES(DEFAULT,17,2);insert into Puesto VALUES(DEFAULT,18,2);insert into Puesto VALUES(DEFAULT,19,2);insert into Puesto VALUES(DEFAULT,20,2);insert into Puesto VALUES(DEFAULT,21,2);insert into Puesto VALUES(DEFAULT,22,2);insert into Puesto VALUES(DEFAULT,23,2);insert into Puesto VALUES(DEFAULT,24,2);insert into Puesto VALUES(DEFAULT,25,2);insert into Puesto VALUES(DEFAULT,26,2);insert into Puesto VALUES(DEFAULT,27,2);insert into Puesto VALUES(DEFAULT,28,2);insert into Puesto VALUES(DEFAULT,29,2);insert into Puesto VALUES(DEFAULT,30,2);
insert into Puesto VALUES(DEFAULT,1,3);insert into Puesto VALUES(DEFAULT,2,3);insert into Puesto VALUES(DEFAULT,3,3);insert into Puesto VALUES(DEFAULT,4,3);insert into Puesto VALUES(DEFAULT,5,3);insert into Puesto VALUES(DEFAULT,6,3);insert into Puesto VALUES(DEFAULT,7,3);insert into Puesto VALUES(DEFAULT,8,3);insert into Puesto VALUES(DEFAULT,9,3);insert into Puesto VALUES(DEFAULT,10,3);insert into Puesto VALUES(DEFAULT,11,3);insert into Puesto VALUES(DEFAULT,12,3);insert into Puesto VALUES(DEFAULT,13,3);insert into Puesto VALUES(DEFAULT,14,3);insert into Puesto VALUES(DEFAULT,15,3);insert into Puesto VALUES(DEFAULT,16,3);insert into Puesto VALUES(DEFAULT,17,3);insert into Puesto VALUES(DEFAULT,18,3);insert into Puesto VALUES(DEFAULT,19,3);insert into Puesto VALUES(DEFAULT,20,3);
insert into Puesto VALUES(DEFAULT,1,4);insert into Puesto VALUES(DEFAULT,2,4);insert into Puesto VALUES(DEFAULT,3,4);insert into Puesto VALUES(DEFAULT,4,4);insert into Puesto VALUES(DEFAULT,5,4);insert into Puesto VALUES(DEFAULT,6,4);insert into Puesto VALUES(DEFAULT,7,4);insert into Puesto VALUES(DEFAULT,8,4);insert into Puesto VALUES(DEFAULT,9,4);insert into Puesto VALUES(DEFAULT,10,4);insert into Puesto VALUES(DEFAULT,11,4);insert into Puesto VALUES(DEFAULT,12,4);insert into Puesto VALUES(DEFAULT,13,4);insert into Puesto VALUES(DEFAULT,14,4);insert into Puesto VALUES(DEFAULT,15,4);insert into Puesto VALUES(DEFAULT,16,4);insert into Puesto VALUES(DEFAULT,17,4);insert into Puesto VALUES(DEFAULT,18,4);insert into Puesto VALUES(DEFAULT,19,4);insert into Puesto VALUES(DEFAULT,20,4);insert into Puesto VALUES(DEFAULT,21,4);insert into Puesto VALUES(DEFAULT,22,4);insert into Puesto VALUES(DEFAULT,23,4);insert into Puesto VALUES(DEFAULT,24,4);insert into Puesto VALUES(DEFAULT,25,4);insert into Puesto VALUES(DEFAULT,26,4);insert into Puesto VALUES(DEFAULT,27,4);insert into Puesto VALUES(DEFAULT,28,4);insert into Puesto VALUES(DEFAULT,29,4);insert into Puesto VALUES(DEFAULT,30,4);
insert into Puesto VALUES(DEFAULT,1,5);insert into Puesto VALUES(DEFAULT,2,5);insert into Puesto VALUES(DEFAULT,3,5);insert into Puesto VALUES(DEFAULT,4,5);insert into Puesto VALUES(DEFAULT,5,5);insert into Puesto VALUES(DEFAULT,6,5);insert into Puesto VALUES(DEFAULT,7,5);insert into Puesto VALUES(DEFAULT,8,5);insert into Puesto VALUES(DEFAULT,9,5);insert into Puesto VALUES(DEFAULT,10,5);insert into Puesto VALUES(DEFAULT,11,5);insert into Puesto VALUES(DEFAULT,12,5);insert into Puesto VALUES(DEFAULT,13,5);insert into Puesto VALUES(DEFAULT,14,5);insert into Puesto VALUES(DEFAULT,15,5);insert into Puesto VALUES(DEFAULT,16,5);insert into Puesto VALUES(DEFAULT,17,5);insert into Puesto VALUES(DEFAULT,18,5);insert into Puesto VALUES(DEFAULT,19,5);insert into Puesto VALUES(DEFAULT,20,5);

insert into Grada VALUES(DEFAULT,'Grada central',8000,1);
insert into Grada VALUES(DEFAULT,'Mezzanina',3200,1);
insert into Grada VALUES(DEFAULT,'Palco con pantalla privada',1300,1);

insert into Entrada VALUES(DEFAULT,'A','Este',1);
insert into Entrada VALUES(DEFAULT,'B','Este',1);
insert into Entrada VALUES(DEFAULT,'C','Centro',1);
insert into Entrada VALUES(DEFAULT,'D','Centro',1);
insert into Entrada VALUES(DEFAULT,'E','Oeste',1);
insert into Entrada VALUES(DEFAULT,'F','Oeste',1);
insert into Entrada VALUES(DEFAULT,'A','Este',2);
insert into Entrada VALUES(DEFAULT,'B','Este',2);
insert into Entrada VALUES(DEFAULT,'C','Centro',2);
insert into Entrada VALUES(DEFAULT,'D','Centro',2);
insert into Entrada VALUES(DEFAULT,'E','Oeste',2);
insert into Entrada VALUES(DEFAULT,'F','Oeste',2);
insert into Entrada VALUES(DEFAULT,'A','Este',3);
insert into Entrada VALUES(DEFAULT,'B','Este',3);
insert into Entrada VALUES(DEFAULT,'C','Centro',3);
insert into Entrada VALUES(DEFAULT,'D','Centro',3);
insert into Entrada VALUES(DEFAULT,'E','Oeste',3);
insert into Entrada VALUES(DEFAULT,'F','Oeste',3);

insert into Estacionamiento VALUES(DEFAULT,4000,1);
insert into Estacionamiento VALUES(DEFAULT,4000,3);

insert into Nivel VALUES(DEFAULT,125,100,50,1);
insert into Nivel VALUES(DEFAULT,140,110,60,1);
insert into Nivel VALUES(DEFAULT,250,200,125,2);
insert into Nivel VALUES(DEFAULT,100,70,60,3);

insert into Taquilla_Apuesta VALUES(DEFAULT,1,1);
insert into Taquilla_Apuesta VALUES(DEFAULT,2,1);
insert into Taquilla_Apuesta VALUES(DEFAULT,3,1);
insert into Taquilla_Apuesta VALUES(DEFAULT,4,1);
insert into Taquilla_Apuesta VALUES(DEFAULT,5,1);
insert into Taquilla_Apuesta VALUES(DEFAULT,6,1);
insert into Taquilla_Apuesta VALUES(DEFAULT,7,1);
insert into Taquilla_Apuesta VALUES(DEFAULT,8,1);
insert into Taquilla_Apuesta VALUES(DEFAULT,9,1);
insert into Taquilla_Apuesta VALUES(DEFAULT,10,1);
insert into Taquilla_Apuesta VALUES(DEFAULT,11,1);
insert into Taquilla_Apuesta VALUES(DEFAULT,12,1);
insert into Taquilla_Apuesta VALUES(DEFAULT,1,2);
insert into Taquilla_Apuesta VALUES(DEFAULT,2,2);
insert into Taquilla_Apuesta VALUES(DEFAULT,3,2);
insert into Taquilla_Apuesta VALUES(DEFAULT,4,2);
insert into Taquilla_Apuesta VALUES(DEFAULT,5,2);
insert into Taquilla_Apuesta VALUES(DEFAULT,6,2);
insert into Taquilla_Apuesta VALUES(DEFAULT,7,2);
insert into Taquilla_Apuesta VALUES(DEFAULT,8,2);

insert into Usuario VALUES(DEFAULT,'nasetien.20@est.ucab.edu.ve','bgf07052021','2022-11-20',null,null,null,null,null,4);
insert into Usuario VALUES(DEFAULT,'faparilli@gmail.com','2369rinconada','2022-12-18',13339835,null,null,null,null,2);
insert into Usuario VALUES(DEFAULT,'educon001@gmail.com','ardosalvo2','2022-12-22',null,null,null,null,27670971,1);
insert into Usuario VALUES(DEFAULT,'apandawriter@outlook.es','amoablackmidi','2022-12-20',null,null,null,null,29551908,1);
insert into Usuario VALUES(DEFAULT,'yonder999@outlook.es','hipodromo9yonder','2022-12-17',null,null,18110290,null,null,1);

insert into Taquilla_Boleto VALUES(DEFAULT,1,1);
insert into Taquilla_Boleto VALUES(DEFAULT,2,1);
insert into Taquilla_Boleto VALUES(DEFAULT,3,1);
insert into Taquilla_Boleto VALUES(DEFAULT,4,1);
insert into Taquilla_Boleto VALUES(DEFAULT,5,1);
insert into Taquilla_Boleto VALUES(DEFAULT,6,1);
insert into Taquilla_Boleto VALUES(DEFAULT,7,1);
insert into Taquilla_Boleto VALUES(DEFAULT,8,1);
insert into Taquilla_Boleto VALUES(DEFAULT,9,1);
insert into Taquilla_Boleto VALUES(DEFAULT,10,1);
insert into Taquilla_Boleto VALUES(DEFAULT,11,1);
insert into Taquilla_Boleto VALUES(DEFAULT,12,1);
insert into Taquilla_Boleto VALUES(DEFAULT,13,1);
insert into Taquilla_Boleto VALUES(DEFAULT,14,1);
insert into Taquilla_Boleto VALUES(DEFAULT,15,1);
insert into Taquilla_Boleto VALUES(DEFAULT,16,1);
insert into Taquilla_Boleto VALUES(DEFAULT,17,1);
insert into Taquilla_Boleto VALUES(DEFAULT,18,1);
insert into Taquilla_Boleto VALUES(DEFAULT,1,2);
insert into Taquilla_Boleto VALUES(DEFAULT,2,2);
insert into Taquilla_Boleto VALUES(DEFAULT,3,2);
insert into Taquilla_Boleto VALUES(DEFAULT,4,2);
insert into Taquilla_Boleto VALUES(DEFAULT,5,2);
insert into Taquilla_Boleto VALUES(DEFAULT,6,2);
insert into Taquilla_Boleto VALUES(DEFAULT,7,2);
insert into Taquilla_Boleto VALUES(DEFAULT,8,2);
insert into Taquilla_Boleto VALUES(DEFAULT,9,2);
insert into Taquilla_Boleto VALUES(DEFAULT,10,2);
insert into Taquilla_Boleto VALUES(DEFAULT,11,2);
insert into Taquilla_Boleto VALUES(DEFAULT,12,2);

insert into Boleto VALUES(DEFAULT,80.00,1);
insert into Boleto VALUES(DEFAULT,80.00,2);
insert into Boleto VALUES(DEFAULT,200.00,3);
insert into Boleto VALUES(DEFAULT,1500.00,4);

insert into Venta_Boleto VALUES(DEFAULT,'2022-11-24',240.00,22,null,28426562);
insert into Venta_Boleto VALUES(DEFAULT,'2022-11-24',160.00,13,null,27670971);
insert into Venta_Boleto VALUES(DEFAULT,'2022-11-25',3000.00,14,null,29553823);
insert into Venta_Boleto VALUES(DEFAULT,'2022-11-25',80.00,3,null,27670971);
insert into Venta_Boleto VALUES(DEFAULT,'2022-11-25',600.00,8,null,29583211);

insert into Detallado_Venta VALUES(DEFAULT,80.00,1,1);
insert into Detallado_Venta VALUES(DEFAULT,80.00,1,1);
insert into Detallado_Venta VALUES(DEFAULT,80.00,1,1);
insert into Detallado_Venta VALUES(DEFAULT,80.00,2,1);
insert into Detallado_Venta VALUES(DEFAULT,80.00,2,1);
insert into Detallado_Venta VALUES(DEFAULT,1500.00,3,4);
insert into Detallado_Venta VALUES(DEFAULT,1500.00,3,4);
insert into Detallado_Venta VALUES(DEFAULT,80.00,4,1);
insert into Detallado_Venta VALUES(DEFAULT,200.00,5,3);
insert into Detallado_Venta VALUES(DEFAULT,200.00,5,3);
insert into Detallado_Venta VALUES(DEFAULT,200.00,5,3);

insert into Restaurant VALUES(299792458,'La Terraza',350,3);
insert into Restaurant VALUES(279733963,'La Dupla',200,2);

---Venta Restaurant---
insert into Venta_Restaurant VALUES(DEFAULT,'2022-12-26 19:10:25',4477.29,299792458);
insert into Venta_Restaurant VALUES(DEFAULT,'2022-12-28 18:20:45',5987,299792458);
insert into Venta_Restaurant VALUES(DEFAULT,'2022-12-29 19:40:10',11596,299792458);
insert into Venta_Restaurant VALUES(DEFAULT,'2022-12-04 18:00:25',10852,299792458);
insert into Venta_Restaurant VALUES(DEFAULT,'2022-12-26 18:10:25',3760,279733963);
insert into Venta_Restaurant VALUES(DEFAULT,'2022-12-10 18:30:45',4985,279733963);
insert into Venta_Restaurant VALUES(DEFAULT,'2022-12-26 19:10:25',8654,29279733963);
insert into Venta_Restaurant VALUES(DEFAULT,'2022-12-11 19:45:10',2575,279733963);

----Horario Restaurant---
insert into Restaurant_horario VALUES(DEFAULT,3,299792458);
insert into Restaurant_Horario VALUES(DEFAULT,4,299792458);
insert into Restaurant_horario VALUES(DEFAULT,1,279733963);
insert into Restaurant_horario VALUES(DEFAULT,2,279733963);


insert into Horario VALUES(DEFAULT,'SABADO','14:00:00','21:00:00',null,1);
insert into Horario VALUES(DEFAULT,'DOMINGO','14:00:00','21:00:00',null,1);
insert into Horario VALUES(DEFAULT,'SABADO','12:30:00','21:00:00',1,null);
insert into Horario VALUES(DEFAULT,'DOMINGO','12:30:00','21:00:00',1,null);
insert into Horario VALUES(DEFAULT,'SABADO','11:00:00','19:00:00',null,2);
insert into Horario VALUES(DEFAULT,'DOMINGO','11:00:00','19:00:00',null,2);

insert into Pista VALUES(DEFAULT,1800,16,2,'ARENA',1);
insert into Pista VALUES(DEFAULT,1400,12,1,'GRAVA',1);

insert into Paddock VALUES(DEFAULT,18,1);

insert into Circulo_Ganadores VALUES(DEFAULT,3,1);

insert into Historico_Entrenador VALUES(DEFAULT,'2016-03-17',null,TRUE,3,13339835);
insert into Historico_Entrenador VALUES(DEFAULT,'2016-03-17','2016-03-16',FALSE,2,13339835);
insert into Historico_Entrenador VALUES(DEFAULT,'2016-03-22',null,TRUE,2,5132768);
insert into Historico_Entrenador VALUES(DEFAULT,'2007-06-22',null,TRUE,5,14486022);
insert into Historico_Entrenador VALUES(DEFAULT,'2018-11-12',null,TRUE,1,6371724);
insert into Historico_Entrenador VALUES(DEFAULT,'2004-10-03','2018-11-12',FALSE,4,6371724);
insert into Historico_Entrenador VALUES(DEFAULT,'2018-11-12',null,TRUE,4,11922339);



insert into Propietario_Stud VALUES(DEFAULT,100,1,3);
insert into Propietario_Stud VALUES(DEFAULT,60,2,4);
insert into Propietario_Stud VALUES(DEFAULT,40,2,5);
insert into Propietario_Stud VALUES(DEFAULT,25,3,6);
insert into Propietario_Stud VALUES(DEFAULT,25,3,7);
insert into Propietario_Stud VALUES(DEFAULT,50,3,8);
insert into Propietario_Stud VALUES(DEFAULT,100,4,9);
insert into Propietario_Stud VALUES(DEFAULT,20,5,10);
insert into Propietario_Stud VALUES(DEFAULT,25,5,11);
insert into Propietario_Stud VALUES(DEFAULT,25,5,12);
insert into Propietario_Stud VALUES(DEFAULT,30,5,13);
insert into Propietario_Stud VALUES(DEFAULT,70,6,14);
insert into Propietario_Stud VALUES(DEFAULT,30,6,15);
insert into Propietario_Stud VALUES(DEFAULT,50,7,16);
insert into Propietario_Stud VALUES(DEFAULT,50,7,17);
insert into Propietario_Stud VALUES(DEFAULT,60,8,1);
insert into Propietario_Stud VALUES(DEFAULT,40,8,11);
insert into Propietario_Stud VALUES(DEFAULT,33,9,6);
insert into Propietario_Stud VALUES(DEFAULT,33,9,3);
insert into Propietario_Stud VALUES(DEFAULT,34,9,2);
insert into Propietario_Stud VALUES(DEFAULT,100,10,2);
insert into Propietario_Stud VALUES(DEFAULT,50,11,19);
insert into Propietario_Stud VALUES(DEFAULT,50,11,13);
insert into Propietario_Stud VALUES(DEFAULT,100,12,22);
insert into Propietario_Stud VALUES(DEFAULT,100,13,14);
insert into Propietario_Stud VALUES(DEFAULT,60,14,18);
insert into Propietario_Stud VALUES(DEFAULT,40,14,9);
insert into Propietario_Stud VALUES(DEFAULT,20,15,2);
insert into Propietario_Stud VALUES(DEFAULT,40,15,20);
insert into Propietario_Stud VALUES(DEFAULT,40,15,21);
insert into Propietario_Stud VALUES(DEFAULT,100,16,22);
insert into Propietario_Stud VALUES(DEFAULT,50,17,7);
insert into Propietario_Stud VALUES(DEFAULT,50,17,8);
insert into Propietario_Stud VALUES(DEFAULT,30,18,22);
insert into Propietario_Stud VALUES(DEFAULT,70,18,24);
insert into Propietario_Stud VALUES(DEFAULT,100,19,23);
insert into Propietario_Stud VALUES(DEFAULT,100,20,25);
insert into Propietario_Stud VALUES(DEFAULT,40,21,26);
insert into Propietario_Stud VALUES(DEFAULT,60,21,18);
insert into Propietario_Stud VALUES(DEFAULT,100,22,22);
insert into Propietario_Stud VALUES(DEFAULT,50,23,5);
insert into Propietario_Stud VALUES(DEFAULT,50,23,9);
insert into Propietario_Stud VALUES(DEFAULT,50,24,1);
insert into Propietario_Stud VALUES(DEFAULT,50,24,23);
insert into Propietario_Stud VALUES(DEFAULT,100,25,6);
insert into Propietario_Stud VALUES(DEFAULT,30,26,6);
insert into Propietario_Stud VALUES(DEFAULT,40,26,13);
insert into Propietario_Stud VALUES(DEFAULT,30,26,7);
insert into Propietario_Stud VALUES(DEFAULT,100,27,11);
insert into Propietario_Stud VALUES(DEFAULT,100,28,12);
insert into Propietario_Stud VALUES(DEFAULT,50,29,4);
insert into Propietario_Stud VALUES(DEFAULT,50,29,8);
insert into Propietario_Stud VALUES(DEFAULT,80,30,25);
insert into Propietario_Stud VALUES(DEFAULT,20,30,20);
insert into Propietario_Stud VALUES(DEFAULT,100,31,3);
insert into Propietario_Stud VALUES(DEFAULT,60,32,4);
insert into Propietario_Stud VALUES(DEFAULT,40,32,5);
insert into Propietario_Stud VALUES(DEFAULT,25,33,6);
insert into Propietario_Stud VALUES(DEFAULT,25,33,7);
insert into Propietario_Stud VALUES(DEFAULT,50,33,8);
insert into Propietario_Stud VALUES(DEFAULT,100,34,9);
insert into Propietario_Stud VALUES(DEFAULT,20,35,10);
insert into Propietario_Stud VALUES(DEFAULT,25,35,11);
insert into Propietario_Stud VALUES(DEFAULT,25,35,12);
insert into Propietario_Stud VALUES(DEFAULT,30,35,13);
insert into Propietario_Stud VALUES(DEFAULT,70,36,14);
insert into Propietario_Stud VALUES(DEFAULT,30,36,15);
insert into Propietario_Stud VALUES(DEFAULT,50,37,16);
insert into Propietario_Stud VALUES(DEFAULT,50,37,17);
insert into Propietario_Stud VALUES(DEFAULT,60,38,1);
insert into Propietario_Stud VALUES(DEFAULT,40,38,11);
insert into Propietario_Stud VALUES(DEFAULT,33,39,6);
insert into Propietario_Stud VALUES(DEFAULT,33,39,3);
insert into Propietario_Stud VALUES(DEFAULT,34,39,2);
insert into Propietario_Stud VALUES(DEFAULT,100,40,2);
insert into Propietario_Stud VALUES(DEFAULT,50,41,19);
insert into Propietario_Stud VALUES(DEFAULT,50,41,13);
insert into Propietario_Stud VALUES(DEFAULT,100,42,22);
insert into Propietario_Stud VALUES(DEFAULT,100,43,14);
insert into Propietario_Stud VALUES(DEFAULT,60,44,18);
insert into Propietario_Stud VALUES(DEFAULT,40,44,9);
insert into Propietario_Stud VALUES(DEFAULT,20,45,2);
insert into Propietario_Stud VALUES(DEFAULT,40,45,20);
insert into Propietario_Stud VALUES(DEFAULT,40,45,21);
insert into Propietario_Stud VALUES(DEFAULT,100,46,22);
insert into Propietario_Stud VALUES(DEFAULT,50,47,7);
insert into Propietario_Stud VALUES(DEFAULT,50,47,8);
insert into Propietario_Stud VALUES(DEFAULT,30,48,22);
insert into Propietario_Stud VALUES(DEFAULT,70,48,24);
insert into Propietario_Stud VALUES(DEFAULT,100,49,23);
insert into Propietario_Stud VALUES(DEFAULT,100,50,25);
insert into Propietario_Stud VALUES(DEFAULT,40,51,26);
insert into Propietario_Stud VALUES(DEFAULT,60,51,18);
insert into Propietario_Stud VALUES(DEFAULT,100,52,22);
insert into Propietario_Stud VALUES(DEFAULT,50,53,5);
insert into Propietario_Stud VALUES(DEFAULT,50,53,9);
insert into Propietario_Stud VALUES(DEFAULT,50,54,1);
insert into Propietario_Stud VALUES(DEFAULT,50,54,23);
insert into Propietario_Stud VALUES(DEFAULT,100,55,6);
insert into Propietario_Stud VALUES(DEFAULT,30,56,6);
insert into Propietario_Stud VALUES(DEFAULT,40,56,13);
insert into Propietario_Stud VALUES(DEFAULT,30,56,7);
insert into Propietario_Stud VALUES(DEFAULT,100,57,11);
insert into Propietario_Stud VALUES(DEFAULT,100,58,12);
insert into Propietario_Stud VALUES(DEFAULT,50,59,4);
insert into Propietario_Stud VALUES(DEFAULT,50,59,8);
insert into Propietario_Stud VALUES(DEFAULT,80,60,25);
insert into Propietario_Stud VALUES(DEFAULT,20,60,20);
insert into Propietario_Stud VALUES(DEFAULT,100,61,3);
insert into Propietario_Stud VALUES(DEFAULT,60,62,4);
insert into Propietario_Stud VALUES(DEFAULT,40,62,5);
insert into Propietario_Stud VALUES(DEFAULT,25,63,6);
insert into Propietario_Stud VALUES(DEFAULT,25,63,7);
insert into Propietario_Stud VALUES(DEFAULT,50,63,8);
insert into Propietario_Stud VALUES(DEFAULT,100,64,9);
insert into Propietario_Stud VALUES(DEFAULT,20,65,10);
insert into Propietario_Stud VALUES(DEFAULT,25,65,11);
insert into Propietario_Stud VALUES(DEFAULT,25,65,12);
insert into Propietario_Stud VALUES(DEFAULT,30,65,13);
insert into Propietario_Stud VALUES(DEFAULT,70,66,14);
insert into Propietario_Stud VALUES(DEFAULT,30,66,15);
insert into Propietario_Stud VALUES(DEFAULT,50,67,16);
insert into Propietario_Stud VALUES(DEFAULT,50,67,17);
insert into Propietario_Stud VALUES(DEFAULT,60,68,1);
insert into Propietario_Stud VALUES(DEFAULT,40,68,11);
insert into Propietario_Stud VALUES(DEFAULT,33,69,6);
insert into Propietario_Stud VALUES(DEFAULT,33,69,3);
insert into Propietario_Stud VALUES(DEFAULT,34,69,2);
insert into Propietario_Stud VALUES(DEFAULT,100,70,2);
insert into Propietario_Stud VALUES(DEFAULT,50,71,19);
insert into Propietario_Stud VALUES(DEFAULT,50,71,13);
insert into Propietario_Stud VALUES(DEFAULT,100,72,22);
insert into Propietario_Stud VALUES(DEFAULT,100,73,14);
insert into Propietario_Stud VALUES(DEFAULT,60,74,18);
insert into Propietario_Stud VALUES(DEFAULT,40,74,9);
insert into Propietario_Stud VALUES(DEFAULT,20,75,2);
insert into Propietario_Stud VALUES(DEFAULT,40,75,20);
insert into Propietario_Stud VALUES(DEFAULT,40,75,21);
insert into Propietario_Stud VALUES(DEFAULT,100,76,22);
insert into Propietario_Stud VALUES(DEFAULT,50,77,7);
insert into Propietario_Stud VALUES(DEFAULT,50,77,8);
insert into Propietario_Stud VALUES(DEFAULT,30,78,22);
insert into Propietario_Stud VALUES(DEFAULT,70,78,24);
insert into Propietario_Stud VALUES(DEFAULT,100,79,23);
insert into Propietario_Stud VALUES(DEFAULT,100,80,25);
insert into Propietario_Stud VALUES(DEFAULT,40,81,26);
insert into Propietario_Stud VALUES(DEFAULT,60,81,18);
insert into Propietario_Stud VALUES(DEFAULT,100,82,22);
insert into Propietario_Stud VALUES(DEFAULT,50,83,5);
insert into Propietario_Stud VALUES(DEFAULT,50,83,9);

insert into Stud_Color VALUES(DEFAULT,TRUE,FALSE,15,1);
insert into Stud_Color VALUES(DEFAULT,FALSE,TRUE,15,1);
insert into Stud_Color VALUES(DEFAULT,FALSE,TRUE,5,1);
insert into Stud_Color VALUES(DEFAULT,TRUE,FALSE,4,2);
insert into Stud_Color VALUES(DEFAULT,FALSE,TRUE,13,2);
insert into Stud_Color VALUES(DEFAULT,TRUE,FALSE,15,3);
insert into Stud_Color VALUES(DEFAULT,TRUE,FALSE,4,3);
insert into Stud_Color VALUES(DEFAULT,FALSE,TRUE,4,3);
insert into Stud_Color VALUES(DEFAULT,TRUE,FALSE,9,4);
insert into Stud_Color VALUES(DEFAULT,TRUE,FALSE,15,4);
insert into Stud_Color VALUES(DEFAULT,FALSE,TRUE,15,4);
insert into Stud_Color VALUES(DEFAULT,TRUE,FALSE,5,5);
insert into Stud_Color VALUES(DEFAULT,TRUE,FALSE,1,5);
insert into Stud_Color VALUES(DEFAULT,TRUE,FALSE,20,5);
insert into Stud_Color VALUES(DEFAULT,TRUE,FALSE,17,5);
insert into Stud_Color VALUES(DEFAULT,FALSE,TRUE,5,5);
insert into Stud_Color VALUES(DEFAULT,TRUE,FALSE,15,6);
insert into Stud_Color VALUES(DEFAULT,TRUE,FALSE,17,6);
insert into Stud_Color VALUES(DEFAULT,FALSE,TRUE,17,6);
insert into Stud_Color VALUES(DEFAULT,TRUE,FALSE,20,7);
insert into Stud_Color VALUES(DEFAULT,TRUE,FALSE,9,7);
insert into Stud_Color VALUES(DEFAULT,FALSE,TRUE,22,7);
insert into Stud_Color VALUES(DEFAULT,TRUE,FALSE,4,8);
insert into Stud_Color VALUES(DEFAULT,TRUE,FALSE,5,8);
insert into Stud_Color VALUES(DEFAULT,FALSE,TRUE,15,8);
insert into Stud_Color VALUES(DEFAULT,TRUE,FALSE,13,9);
insert into Stud_Color VALUES(DEFAULT,TRUE,FALSE,5,9);
insert into Stud_Color VALUES(DEFAULT,FALSE,TRUE,20,9);
insert into Stud_Color VALUES(DEFAULT,TRUE,FALSE,17,10);
insert into Stud_Color VALUES(DEFAULT,TRUE,FALSE,5,10);
insert into Stud_Color VALUES(DEFAULT,TRUE,FALSE,20,10);
insert into Stud_Color VALUES(DEFAULT,FALSE,TRUE,17,10);
insert into Stud_Color VALUES(DEFAULT,TRUE,FALSE,20,11);
insert into Stud_Color VALUES(DEFAULT,TRUE,FALSE,1,11);
insert into Stud_Color VALUES(DEFAULT,FALSE,TRUE,20,11);
insert into Stud_Color VALUES(DEFAULT,TRUE,FALSE,15,12);
insert into Stud_Color VALUES(DEFAULT,TRUE,FALSE,7,12);
insert into Stud_Color VALUES(DEFAULT,FALSE,TRUE,7,12);
insert into Stud_Color VALUES(DEFAULT,TRUE,FALSE,20,13);
insert into Stud_Color VALUES(DEFAULT,TRUE,FALSE,10,13);
insert into Stud_Color VALUES(DEFAULT,FALSE,TRUE,20,13);
insert into Stud_Color VALUES(DEFAULT,TRUE,FALSE,15,14);
insert into Stud_Color VALUES(DEFAULT,FALSE,TRUE,15,14);
insert into Stud_Color VALUES(DEFAULT,TRUE,FALSE,20,15);
insert into Stud_Color VALUES(DEFAULT,FALSE,TRUE,20,15);
insert into Stud_Color VALUES(DEFAULT,TRUE,FALSE,1,16);
insert into Stud_Color VALUES(DEFAULT,FALSE,TRUE,1,16);
insert into Stud_Color VALUES(DEFAULT,TRUE,FALSE,5,17);
insert into Stud_Color VALUES(DEFAULT,TRUE,FALSE,13,17);
insert into Stud_Color VALUES(DEFAULT,FALSE,TRUE,13,17);
insert into Stud_Color VALUES(DEFAULT,TRUE,FALSE,4,18);
insert into Stud_Color VALUES(DEFAULT,FALSE,TRUE,4,18);
insert into Stud_Color VALUES(DEFAULT,TRUE,FALSE,21,19);
insert into Stud_Color VALUES(DEFAULT,TRUE,FALSE,5,19);
insert into Stud_Color VALUES(DEFAULT,FALSE,TRUE,20,19);
insert into Stud_Color VALUES(DEFAULT,TRUE,FALSE,15,20);
insert into Stud_Color VALUES(DEFAULT,TRUE,FALSE,5,20);
insert into Stud_Color VALUES(DEFAULT,FALSE,TRUE,15,20);
insert into Stud_Color VALUES(DEFAULT,TRUE,FALSE,15,21);
insert into Stud_Color VALUES(DEFAULT,FALSE,TRUE,15,21);
insert into Stud_Color VALUES(DEFAULT,TRUE,FALSE,3,22);
insert into Stud_Color VALUES(DEFAULT,FALSE,TRUE,1,22);
insert into Stud_Color VALUES(DEFAULT,TRUE,FALSE,13,23);
insert into Stud_Color VALUES(DEFAULT,TRUE,FALSE,5,23);
insert into Stud_Color VALUES(DEFAULT,TRUE,FALSE,17,23);
insert into Stud_Color VALUES(DEFAULT,FALSE,TRUE,13,23);
insert into Stud_Color VALUES(DEFAULT,FALSE,TRUE,5,23);
insert into Stud_Color VALUES(DEFAULT,FALSE,TRUE,17,23);
insert into Stud_Color VALUES(DEFAULT,TRUE,FALSE,15,24);
insert into Stud_Color VALUES(DEFAULT,TRUE,FALSE,4,24);
insert into Stud_Color VALUES(DEFAULT,FALSE,TRUE,15,24);
insert into Stud_Color VALUES(DEFAULT,TRUE,FALSE,15,25);
insert into Stud_Color VALUES(DEFAULT,FALSE,TRUE,4,25);
insert into Stud_Color VALUES(DEFAULT,TRUE,FALSE,2,26);
insert into Stud_Color VALUES(DEFAULT,FALSE,TRUE,2,26);
insert into Stud_Color VALUES(DEFAULT,TRUE,FALSE,13,27);
insert into Stud_Color VALUES(DEFAULT,TRUE,FALSE,5,27);
insert into Stud_Color VALUES(DEFAULT,TRUE,FALSE,20,27);
insert into Stud_Color VALUES(DEFAULT,FALSE,TRUE,13,27);
insert into Stud_Color VALUES(DEFAULT,TRUE,FALSE,1,28);
insert into Stud_Color VALUES(DEFAULT,TRUE,FALSE,17,28);
insert into Stud_Color VALUES(DEFAULT,TRUE,FALSE,16,28);
insert into Stud_Color VALUES(DEFAULT,FALSE,TRUE,1,28);
insert into Stud_Color VALUES(DEFAULT,FALSE,TRUE,17,28);
insert into Stud_Color VALUES(DEFAULT,FALSE,TRUE,16,28);
insert into Stud_Color VALUES(DEFAULT,TRUE,FALSE,15,29);
insert into Stud_Color VALUES(DEFAULT,FALSE,TRUE,4,29);
insert into Stud_Color VALUES(DEFAULT,TRUE,FALSE,15,30);
insert into Stud_Color VALUES(DEFAULT,TRUE,FALSE,17,30);
insert into Stud_Color VALUES(DEFAULT,FALSE,TRUE,15,30);
insert into Stud_Color VALUES(DEFAULT,TRUE,FALSE,1,31);
insert into Stud_Color VALUES(DEFAULT,TRUE,FALSE,5,31);
insert into Stud_Color VALUES(DEFAULT,FALSE,TRUE,4,31);
insert into Stud_Color VALUES(DEFAULT,TRUE,FALSE,17,32);
insert into Stud_Color VALUES(DEFAULT,FALSE,TRUE,20,32);
insert into Stud_Color VALUES(DEFAULT,FALSE,TRUE,17,32);
insert into Stud_Color VALUES(DEFAULT,TRUE,FALSE,1,33);
insert into Stud_Color VALUES(DEFAULT,TRUE,FALSE,14,33);
insert into Stud_Color VALUES(DEFAULT,FALSE,TRUE,1,33);
insert into Stud_Color VALUES(DEFAULT,TRUE,FALSE,19,34);
insert into Stud_Color VALUES(DEFAULT,FALSE,TRUE,19,34);
insert into Stud_Color VALUES(DEFAULT,TRUE,FALSE,5,35);
insert into Stud_Color VALUES(DEFAULT,TRUE,FALSE,1,35);
insert into Stud_Color VALUES(DEFAULT,FALSE,TRUE,5,35);
insert into Stud_Color VALUES(DEFAULT,TRUE,FALSE,14,36);
insert into Stud_Color VALUES(DEFAULT,TRUE,FALSE,1,36);
insert into Stud_Color VALUES(DEFAULT,FALSE,TRUE,1,36);
insert into Stud_Color VALUES(DEFAULT,TRUE,FALSE,4,37);
insert into Stud_Color VALUES(DEFAULT,TRUE,FALSE,1,37);
insert into Stud_Color VALUES(DEFAULT,FALSE,TRUE,1,37);
insert into Stud_Color VALUES(DEFAULT,TRUE,FALSE,17,38);
insert into Stud_Color VALUES(DEFAULT,TRUE,FALSE,5,38);
insert into Stud_Color VALUES(DEFAULT,FALSE,TRUE,17,38);
insert into Stud_Color VALUES(DEFAULT,TRUE,FALSE,5,39);
insert into Stud_Color VALUES(DEFAULT,FALSE,TRUE,17,39);
insert into Stud_Color VALUES(DEFAULT,TRUE,FALSE,1,40);
insert into Stud_Color VALUES(DEFAULT,TRUE,FALSE,5,40);
insert into Stud_Color VALUES(DEFAULT,FALSE,TRUE,5,40);
insert into Stud_Color VALUES(DEFAULT,TRUE,FALSE,5,41);
insert into Stud_Color VALUES(DEFAULT,FALSE,TRUE,1,41);
insert into Stud_Color VALUES(DEFAULT,TRUE,FALSE,5,42);
insert into Stud_Color VALUES(DEFAULT,TRUE,FALSE,15,42);
insert into Stud_Color VALUES(DEFAULT,FALSE,TRUE,15,42);
insert into Stud_Color VALUES(DEFAULT,TRUE,FALSE,1,43);
insert into Stud_Color VALUES(DEFAULT,TRUE,FALSE,13,43);
insert into Stud_Color VALUES(DEFAULT,FALSE,TRUE,1,43);
insert into Stud_Color VALUES(DEFAULT,TRUE,FALSE,15,44);
insert into Stud_Color VALUES(DEFAULT,FALSE,TRUE,15,44);
insert into Stud_Color VALUES(DEFAULT,TRUE,FALSE,2,45);
insert into Stud_Color VALUES(DEFAULT,TRUE,FALSE,14,45);
insert into Stud_Color VALUES(DEFAULT,FALSE,TRUE,1,45);
insert into Stud_Color VALUES(DEFAULT,FALSE,TRUE,14,45);
insert into Stud_Color VALUES(DEFAULT,TRUE,FALSE,5,46);
insert into Stud_Color VALUES(DEFAULT,TRUE,FALSE,15,46);
insert into Stud_Color VALUES(DEFAULT,FALSE,TRUE,5,46);
insert into Stud_Color VALUES(DEFAULT,FALSE,TRUE,15,46);
insert into Stud_Color VALUES(DEFAULT,TRUE,FALSE,5,47);
insert into Stud_Color VALUES(DEFAULT,TRUE,FALSE,15,47);
insert into Stud_Color VALUES(DEFAULT,FALSE,TRUE,5,47);
insert into Stud_Color VALUES(DEFAULT,TRUE,FALSE,4,48);
insert into Stud_Color VALUES(DEFAULT,TRUE,FALSE,22,48);
insert into Stud_Color VALUES(DEFAULT,FALSE,TRUE,4,48);
insert into Stud_Color VALUES(DEFAULT,TRUE,FALSE,20,49);
insert into Stud_Color VALUES(DEFAULT,FALSE,TRUE,15,49);
insert into Stud_Color VALUES(DEFAULT,TRUE,FALSE,1,50);
insert into Stud_Color VALUES(DEFAULT,TRUE,FALSE,4,50);
insert into Stud_Color VALUES(DEFAULT,FALSE,TRUE,4,50);
insert into Stud_Color VALUES(DEFAULT,TRUE,FALSE,14,51);
insert into Stud_Color VALUES(DEFAULT,TRUE,FALSE,15,51);
insert into Stud_Color VALUES(DEFAULT,FALSE,TRUE,15,51);
insert into Stud_Color VALUES(DEFAULT,TRUE,FALSE,1,52);
insert into Stud_Color VALUES(DEFAULT,TRUE,FALSE,4,52);
insert into Stud_Color VALUES(DEFAULT,FALSE,TRUE,1,52);
insert into Stud_Color VALUES(DEFAULT,TRUE,FALSE,4,53);
insert into Stud_Color VALUES(DEFAULT,FALSE,TRUE,17,53);
insert into Stud_Color VALUES(DEFAULT,TRUE,FALSE,1,54);
insert into Stud_Color VALUES(DEFAULT,TRUE,FALSE,17,54);
insert into Stud_Color VALUES(DEFAULT,FALSE,TRUE,17,54);
insert into Stud_Color VALUES(DEFAULT,TRUE,FALSE,20,55);
insert into Stud_Color VALUES(DEFAULT,TRUE,FALSE,5,55);
insert into Stud_Color VALUES(DEFAULT,FALSE,TRUE,20,55);
insert into Stud_Color VALUES(DEFAULT,TRUE,FALSE,14,56);
insert into Stud_Color VALUES(DEFAULT,FALSE,TRUE,14,56);
insert into Stud_Color VALUES(DEFAULT,TRUE,FALSE,14,57);
insert into Stud_Color VALUES(DEFAULT,TRUE,FALSE,15,57);
insert into Stud_Color VALUES(DEFAULT,FALSE,TRUE,14,57);
insert into Stud_Color VALUES(DEFAULT,FALSE,TRUE,15,57);
insert into Stud_Color VALUES(DEFAULT,TRUE,FALSE,5,58);
insert into Stud_Color VALUES(DEFAULT,TRUE,FALSE,15,58);
insert into Stud_Color VALUES(DEFAULT,FALSE,TRUE,15,58);
insert into Stud_Color VALUES(DEFAULT,TRUE,FALSE,5,59);
insert into Stud_Color VALUES(DEFAULT,TRUE,FALSE,15,59);
insert into Stud_Color VALUES(DEFAULT,FALSE,TRUE,5,59);
insert into Stud_Color VALUES(DEFAULT,TRUE,FALSE,20,60);
insert into Stud_Color VALUES(DEFAULT,FALSE,TRUE,20,60);
insert into Stud_Color VALUES(DEFAULT,TRUE,FALSE,5,61);
insert into Stud_Color VALUES(DEFAULT,TRUE,FALSE,4,61);
insert into Stud_Color VALUES(DEFAULT,FALSE,TRUE,4,61);
insert into Stud_Color VALUES(DEFAULT,TRUE,FALSE,15,62);
insert into Stud_Color VALUES(DEFAULT,FALSE,TRUE,15,62);
insert into Stud_Color VALUES(DEFAULT,TRUE,FALSE,5,63);
insert into Stud_Color VALUES(DEFAULT,TRUE,FALSE,15,63);
insert into Stud_Color VALUES(DEFAULT,FALSE,TRUE,5,63);
insert into Stud_Color VALUES(DEFAULT,FALSE,TRUE,15,63);
insert into Stud_Color VALUES(DEFAULT,TRUE,FALSE,5,64);
insert into Stud_Color VALUES(DEFAULT,TRUE,FALSE,13,64);
insert into Stud_Color VALUES(DEFAULT,FALSE,TRUE,13,64);
insert into Stud_Color VALUES(DEFAULT,TRUE,FALSE,5,65);
insert into Stud_Color VALUES(DEFAULT,TRUE,FALSE,17,65);
insert into Stud_Color VALUES(DEFAULT,FALSE,TRUE,17,65);
insert into Stud_Color VALUES(DEFAULT,TRUE,FALSE,4,66);
insert into Stud_Color VALUES(DEFAULT,TRUE,FALSE,12,66);
insert into Stud_Color VALUES(DEFAULT,FALSE,TRUE,4,66);
insert into Stud_Color VALUES(DEFAULT,FALSE,TRUE,12,66);
insert into Stud_Color VALUES(DEFAULT,TRUE,FALSE,5,67);
insert into Stud_Color VALUES(DEFAULT,TRUE,FALSE,15,67);
insert into Stud_Color VALUES(DEFAULT,FALSE,TRUE,5,67);
insert into Stud_Color VALUES(DEFAULT,FALSE,TRUE,15,67);
insert into Stud_Color VALUES(DEFAULT,TRUE,FALSE,5,68);
insert into Stud_Color VALUES(DEFAULT,FALSE,TRUE,5,68);
insert into Stud_Color VALUES(DEFAULT,TRUE,FALSE,20,69);
insert into Stud_Color VALUES(DEFAULT,TRUE,FALSE,15,69);
insert into Stud_Color VALUES(DEFAULT,FALSE,TRUE,20,69);
insert into Stud_Color VALUES(DEFAULT,TRUE,FALSE,5,70);
insert into Stud_Color VALUES(DEFAULT,TRUE,FALSE,17,70);
insert into Stud_Color VALUES(DEFAULT,FALSE,TRUE,5,70);
insert into Stud_Color VALUES(DEFAULT,FALSE,TRUE,17,70);
insert into Stud_Color VALUES(DEFAULT,TRUE,FALSE,1,71);
insert into Stud_Color VALUES(DEFAULT,TRUE,FALSE,5,71);
insert into Stud_Color VALUES(DEFAULT,TRUE,FALSE,17,71);
insert into Stud_Color VALUES(DEFAULT,FALSE,TRUE,1,71);
insert into Stud_Color VALUES(DEFAULT,TRUE,FALSE,5,72);
insert into Stud_Color VALUES(DEFAULT,FALSE,TRUE,4,72);
insert into Stud_Color VALUES(DEFAULT,TRUE,FALSE,1,73);
insert into Stud_Color VALUES(DEFAULT,TRUE,FALSE,15,73);
insert into Stud_Color VALUES(DEFAULT,TRUE,FALSE,9,73);
insert into Stud_Color VALUES(DEFAULT,FALSE,TRUE,15,73);
insert into Stud_Color VALUES(DEFAULT,FALSE,TRUE,1,73);
insert into Stud_Color VALUES(DEFAULT,TRUE,FALSE,5,74);
insert into Stud_Color VALUES(DEFAULT,TRUE,FALSE,9,74);
insert into Stud_Color VALUES(DEFAULT,FALSE,TRUE,5,74);
insert into Stud_Color VALUES(DEFAULT,TRUE,FALSE,14,75);
insert into Stud_Color VALUES(DEFAULT,FALSE,TRUE,14,75);
insert into Stud_Color VALUES(DEFAULT,FALSE,TRUE,19,75);
insert into Stud_Color VALUES(DEFAULT,TRUE,FALSE,1,76);
insert into Stud_Color VALUES(DEFAULT,FALSE,TRUE,5,76);
insert into Stud_Color VALUES(DEFAULT,TRUE,FALSE,5,77);
insert into Stud_Color VALUES(DEFAULT,TRUE,FALSE,15,77);
insert into Stud_Color VALUES(DEFAULT,FALSE,TRUE,5,77);
insert into Stud_Color VALUES(DEFAULT,TRUE,FALSE,18,78);
insert into Stud_Color VALUES(DEFAULT,TRUE,FALSE,15,78);
insert into Stud_Color VALUES(DEFAULT,TRUE,FALSE,19,78);
insert into Stud_Color VALUES(DEFAULT,FALSE,TRUE,15,78);
insert into Stud_Color VALUES(DEFAULT,FALSE,TRUE,19,78);
insert into Stud_Color VALUES(DEFAULT,TRUE,FALSE,14,79);
insert into Stud_Color VALUES(DEFAULT,TRUE,FALSE,15,79);
insert into Stud_Color VALUES(DEFAULT,TRUE,FALSE,9,79);
insert into Stud_Color VALUES(DEFAULT,FALSE,TRUE,5,79);
insert into Stud_Color VALUES(DEFAULT,TRUE,FALSE,15,80);
insert into Stud_Color VALUES(DEFAULT,TRUE,FALSE,5,80);
insert into Stud_Color VALUES(DEFAULT,FALSE,TRUE,15,80);
insert into Stud_Color VALUES(DEFAULT,TRUE,FALSE,10,81);
insert into Stud_Color VALUES(DEFAULT,FALSE,TRUE,15,81);
insert into Stud_Color VALUES(DEFAULT,TRUE,FALSE,2,82);
insert into Stud_Color VALUES(DEFAULT,FALSE,TRUE,2,82);
insert into Stud_Color VALUES(DEFAULT,TRUE,FALSE,15,83);
insert into Stud_Color VALUES(DEFAULT,FALSE,TRUE,17,83);

-- Ejemplares
-- E_Tatuaje_Labial, E_Nombre, E_Color_Pelaje, E_Sexo, 
-- E_Fecha_Nacimiento, E_Fecha_Ing_Hipo, E_Peso, FK_Haras, 
-- FK_Madre, FK_Padre, FK_Puesto, FK_Caballeriza
insert into Ejemplar VALUES(1,'Alfredo','C','C','2017-04-04','2017-04-04',90,1,null,null,1,1);

-- pista
insert into Pista(PI_Longitud, PI_Capacidad, PI_Num_Salida, PI_Tipo, FK_Hipodromo) VALUES(1800,16,2,'ARENA',1);

----Tipo de medicamento---
insert into Tipo_medicamento VALUES(DEFAULT,'Antiflamatorio');
insert into Tipo_medicamento VALUES(DEFAULT,'Diurético');
insert into Tipo_medicamento VALUES(DEFAULT,'Analgesico');
insert into Tipo_medicamento VALUES(DEFAULT,'Antialergico');
insert into Tipo_medicamento VALUES(DEFAULT,'Antibiotico');
insert into Tipo_medicamento VALUES(DEFAULT,'Relajante muscular');
insert into Tipo_medicamento VALUES(DEFAULT,'Antipirético');
insert into Tipo_medicamento VALUES(DEFAULT,'Hormona');
insert into Tipo_medicamento VALUES(DEFAULT,'Multivitaminico');

---Medicamento--

insert into medicamento VALUES(DEFAULT,'Buta','Tratamiento contra los dolores articulares',1);
insert into medicamento VALUES(DEFAULT,'Laxis','Previene el sangrado respiratorio',2);
insert into medicamento VALUES(DEFAULT,'Tiroxina','Hipotiroidismo y acelera el metabolismo',8);
insert into medicamento VALUES(DEFAULT,'Power pak nitro','Mejora la respiración y la respuesta al dolor',9);
insert into medicamento VALUES(DEFAULT,'Etorfina','Estimulante de energia',3);

----Metodo De pago---
insert into metodo_pago VALUES(DEFAULT,'Tarjeta de Credito');
insert into metodo_pago VALUES(DEFAULT,'Tarjeta de Debito');
insert into metodo_pago VALUES(DEFAULT,'Efectivo');
insert into metodo_pago VALUES(DEFAULT,'Pago Movil');
insert into metodo_pago VALUES(DEFAULT,'Tranferencia');
